Stufe;Begründung;Adresse;Art;Quelle;Vorher;Nachher
1;Kurs- und Angebotsseite;https://www.tanzschule-bothe.de/kita/;Titel;Hand;;Tanzen im Kindergarten: Projekte in Hannover | Bothe
1;Kurs- und Angebotsseite;https://www.tanzschule-bothe.de/kita/;Beschreibung;Hand;;Wir kommen in Ihre Kita: Tanzeinheiten für Vorschulkinder, mit Kindershow als Abschluss. Termine und Umfang nach Absprache.
1;Kurs- und Angebotsseite;https://www.tanzschule-bothe.de/bwdanceandfitness/;Titel;Hand;;Linedance & Fitness in Burgwedel | Tanzschule Bothe
1;Kurs- und Angebotsseite;https://www.tanzschule-bothe.de/bwdanceandfitness/;Beschreibung;Hand;;Linedance und Solotanz für Erwachsene im Tanzhaus Burgwedel — ohne Partner, ohne Vorkenntnisse, erste Stunde kostenlos.
1;Kurs- und Angebotsseite;https://www.tanzschule-bothe.de/bwkids/;Titel;Hand;;Kindertanz in Burgwedel: Kids & Teens | Tanzschule Bothe
1;Kurs- und Angebotsseite;https://www.tanzschule-bothe.de/bwkids/;Beschreibung;Hand;;Kindertanz, Ballett und Teenkurse im Tanzhaus Burgwedel — nach Alter getrennt, mit eigenen Auftritten. Erste Stunde kostenlos.
1;Kurs- und Angebotsseite;https://www.tanzschule-bothe.de/bwschuelertanzkurse/;Titel;Hand;;Schülertanzkurse in Burgwedel | Tanzschule Bothe
1;Kurs- und Angebotsseite;https://www.tanzschule-bothe.de/bwschuelertanzkurse/;Beschreibung;Hand;;Standard, Latein und Discofox für Jugendliche im Tanzhaus Burgwedel, mit Schülerpartys und Diplomprüfung zum Abschluss.
1;Kurs- und Angebotsseite;https://www.tanzschule-bothe.de/danceandfitness/;Titel;Hand;;Dance & Fitness in Hannover ab 18 | Tanzschule Bothe
1;Kurs- und Angebotsseite;https://www.tanzschule-bothe.de/danceandfitness/;Beschreibung;Hand;;Strength & Conditioning, Zumba und Solotanz für Erwachsene in drei Häusern. Ohne Partner, ohne Vorkenntnisse, erste Stunde kostenlos.
1;Kurs- und Angebotsseite;https://www.tanzschule-bothe.de/debuetanten/;Titel;Hand;;Opernball Debütanten Hannover: Training | Bothe
1;Kurs- und Angebotsseite;https://www.tanzschule-bothe.de/debuetanten/;Beschreibung;Hand;;Vorbereitung auf den Hannoverschen Opernball: Polonaise, Walzer und Umgangsformen. Anmeldung für den Opernball 2027 läuft.
1;Kurs- und Angebotsseite;https://www.tanzschule-bothe.de/elterntanz/;Titel;Hand;;Elterntanz in Hannover und Burgwedel | Tanzschule Bothe
1;Kurs- und Angebotsseite;https://www.tanzschule-bothe.de/elterntanz/;Beschreibung;Hand;;Tanzstunden für Eltern unserer Schülerinnen und Schüler — während die Kinder tanzen, lernen Sie selbst. Eigene Gruppe, eigenes Tempo.
1;Kurs- und Angebotsseite;https://www.tanzschule-bothe.de/firmenkurse/;Titel;Hand;;Firmen-Tanzkurse in Hannover buchen | Tanzschule Bothe
1;Kurs- und Angebotsseite;https://www.tanzschule-bothe.de/firmenkurse/;Beschreibung;Hand;;Tanz und Fitness als Teamevent oder festes Angebot für Mitarbeitende. Termine nach Absprache, auf Wunsch in Ihren Räumen.
1;Kurs- und Angebotsseite;https://www.tanzschule-bothe.de/gutschein/;Titel;Hand;;Tanzgutscheine für Hannover verschenken | Bothe
1;Kurs- und Angebotsseite;https://www.tanzschule-bothe.de/gutschein/;Beschreibung;Hand;;Gutscheine für alle Kurse in allen drei Tanzhäusern — zu Geburtstag, Konfirmation oder einfach so. Frei wählbarer Betrag.
1;Kurs- und Angebotsseite;https://www.tanzschule-bothe.de/hiphopundco/;Titel;Hand;;Hip Hop & Contemporary ab 12 in Hannover | Bothe
1;Kurs- und Angebotsseite;https://www.tanzschule-bothe.de/hiphopundco/;Beschreibung;Hand;;Studio B: Hip Hop, Contemporary und Breakdance für Juniors ab 12 und Adults ab 16. Von Old School bis New Style, erste Stunde kostenlos.
1;Kurs- und Angebotsseite;https://www.tanzschule-bothe.de/kids2bis11/;Titel;Hand;;Kindertanz in Hannover: 2 bis 11 Jahre | Tanzschule Bothe
1;Kurs- und Angebotsseite;https://www.tanzschule-bothe.de/kids2bis11/;Beschreibung;Hand;;Von Windelhoppern ab 2 über Kindertanz und Ballett bis Dance4Kids. Kleine Gruppen nach Alter, eigene Auftritte, erste Stunde kostenlos.
1;Kurs- und Angebotsseite;https://www.tanzschule-bothe.de/kindergartenprojekte/;Titel;Hand;;Tanzprojekte für Kitas in Hannover | Tanzschule Bothe
1;Kurs- und Angebotsseite;https://www.tanzschule-bothe.de/kindergartenprojekte/;Beschreibung;Hand;;Kulturelle Bildung im Kita-Alltag: Tanzeinheiten in Ihrer Einrichtung, mit Kindershow zum Abschluss des Projekts.
1;Kurs- und Angebotsseite;https://www.tanzschule-bothe.de/paartanz/;Titel;Hand;;Paartanz für Erwachsene in Hannover | Tanzschule Bothe
1;Kurs- und Angebotsseite;https://www.tanzschule-bothe.de/paartanz/;Beschreibung;Hand;;Standard, Latein, Discofox, Salsa und Hochzeitstanz in drei Häusern. Erste Stunde kostenlos, danach eine Flatrate für alle Kurse deines Levels.
1;Kurs- und Angebotsseite;https://www.tanzschule-bothe.de/privatstunden/;Titel;Hand;;Privatstunden Tanzen in Hannover | Tanzschule Bothe
1;Kurs- und Angebotsseite;https://www.tanzschule-bothe.de/privatstunden/;Beschreibung;Hand;;Einzelunterricht nach Terminabsprache — für Hochzeitspaare, Auffrischer und alle, die schneller vorankommen wollen. In allen drei Häusern.
1;Kurs- und Angebotsseite;https://www.tanzschule-bothe.de/schuelertanzkurse/;Titel;Hand;;Schülertanzkurse in Hannover ab 2026 | Tanzschule Bothe
1;Kurs- und Angebotsseite;https://www.tanzschule-bothe.de/schuelertanzkurse/;Beschreibung;Hand;;30 Unterrichtseinheiten über zehn Monate: Standard, Latein und Discofox, dazu Schülerpartys, Diplomprüfung und Junioren-Galaball.
1;Kurs- und Angebotsseite;https://www.tanzschule-bothe.de/schuelertanzkurse4/;Beschreibung;Automat;;Erlebe, wie cool das Tanzen zu zweit sein kann. Deine Tanzschulzeit startet mit dem 15-wöchigen Worlddancing Level 1 .
1;Kurs- und Angebotsseite;https://www.tanzschule-bothe.de/schuelertanzkurse4/;Titel;Automat;Tanzschule Familie Bothe - SCHÜLERTANZKURSE;"Schülertanzkurse Bei Bothe &#8211; Enjoy The Party in Hannov"
1;Kurs- und Angebotsseite;https://www.tanzschule-bothe.de/schuelertanzkurse_a/;Beschreibung;Automat;;Erlebe, wie viel Spaß Tanzen zu zweit machen kann. Dazu bieten wir dir ein Package, das dich und deine Freunde begeistert: Unser Team zeigt dir zu …
1;Kurs- und Angebotsseite;https://www.tanzschule-bothe.de/schuelertanzkurse_a/;Titel;Automat;Tanzschule Familie Bothe | Schülertanzkurse ab 2022;Der Tanzkurs Deines Lebens – Bist Du Dabei? in Hannover | Ta
1;Kurs- und Angebotsseite;https://www.tanzschule-bothe.de/schulkooperation/;Titel;Hand;;Tanzprojekte für Schulen in Hannover | Tanzschule Bothe
1;Kurs- und Angebotsseite;https://www.tanzschule-bothe.de/schulkooperation/;Beschreibung;Hand;;Kooperationen mit Schulen: Jugendliche erleben Gesellschaftstanz in parallelen Gruppen, im Unterricht oder als Projektwoche.
1;Kurs- und Angebotsseite;https://www.tanzschule-bothe.de/schulprojekte/;Beschreibung;Automat;;Der Download der ZIP-Dateien steht nur begrenzt zur Verfügung.
1;Kurs- und Angebotsseite;https://www.tanzschule-bothe.de/schulprojekte/;Titel;Automat;Tanzschule Familie Bothe | Downloadbereich;Donwloadbereich in Hannover | Tanzschule Bothe
1;Kurs- und Angebotsseite;https://www.tanzschule-bothe.de/summerdance-erwachsene/;Titel;Hand;;Summer Dance für Erwachsene in Hannover | Bothe
1;Kurs- und Angebotsseite;https://www.tanzschule-bothe.de/summerdance-erwachsene/;Beschreibung;Hand;;Tanzen in den Sommerferien: offene Kurse für Erwachsene ohne feste Bindung, in Hannover und Burgwedel.
1;Kurs- und Angebotsseite;https://www.tanzschule-bothe.de/summerdance/;Beschreibung;Automat;;Erwachsene & Ferienspaß für Kinder In den Sommerferien (04.07. – 14.08.2019) bieten wir ein umfassendes Workshopangebot für Kinder und Erwachsene an.
1;Kurs- und Angebotsseite;https://www.tanzschule-bothe.de/summerdance/;Titel;Automat;Tanzschule Familie Bothe | 310 Summer Dance;Summer Dance 2019 in Hannover | Tanzschule Bothe
1;Kurs- und Angebotsseite;https://www.tanzschule-bothe.de/tanzfit/;Titel;Hand;;Tanzen ab 60 in Hannover: TANZFIT | Tanzschule Bothe
1;Kurs- und Angebotsseite;https://www.tanzschule-bothe.de/tanzfit/;Beschreibung;Hand;;Beweglichkeit, Rhythmus und Geselligkeit in der eigenen Altersgruppe. Ruhiges Tempo, feste Gruppen, erste Stunde kostenlos.
1;Kurs- und Angebotsseite;https://www.tanzschule-bothe.de/tanzpartner/;Titel;Hand;;Tanzpartnerbörse Hannover | Tanzschule Bothe
1;Kurs- und Angebotsseite;https://www.tanzschule-bothe.de/tanzpartner/;Beschreibung;Hand;;Kostenlose Vermittlung für alle, die einen Tanzpartner suchen. Eintrag über die Bothe-Community, Vermittlung durch unser Team.
1;Kurs- und Angebotsseite;https://www.tanzschule-bothe.de/bwpaartanz/;Titel;Hand;;Paartanz in Burgwedel für Erwachsene | Tanzschule Bothe
1;Kurs- und Angebotsseite;https://www.tanzschule-bothe.de/bwpaartanz/;Beschreibung;Hand;;Standard, Latein und Discofox im Tanzhaus Burgwedel. Erste Stunde kostenlos, danach eine Flatrate für alle drei Häuser.
1;Kurs- und Angebotsseite;https://www.tanzschule-bothe.de/event/saison-start-im-paartanz-bereich-21/;Beschreibung;Automat;;August 2026 Glückswoche für Erwachsene Glückswoche für Erwachsene Aug.
1;Kurs- und Angebotsseite;https://www.tanzschule-bothe.de/event/saison-start-im-paartanz-bereich-21/;Titel;Automat;Tanzschule Familie Bothe | Saison-Start im Paartanz-Bereich;Event in Hannover | Tanzschule Bothe
1;Kurs- und Angebotsseite;https://www.tanzschule-bothe.de/event/saison-start-im-paartanz-bereich-22/;Beschreibung;Automat;;August 2026 Saison-Start im Paartanz-Bereich Saison-Start im Paartanz-Bereich 30.08.2026 Mehr Info
1;Kurs- und Angebotsseite;https://www.tanzschule-bothe.de/event/saison-start-im-paartanz-bereich-22/;Titel;Automat;Tanzschule Familie Bothe | Saison-Start im Paartanz-Bereich;Event in Hannover | Tanzschule Bothe
1;Kurs- und Angebotsseite;https://www.tanzschule-bothe.de/neue-paartanzkurse-ab-august-2025/;Beschreibung;Automat;;Unser vielfältiges Tanzprogramm für Paare bietet für jeden das passende Angebot: vom Standard- und Latein-Bereich über Specials und Trendtänze wie …
1;Kurs- und Angebotsseite;https://www.tanzschule-bothe.de/neue-paartanzkurse-ab-august-2025/;Titel;Automat;Tanzschule Familie Bothe | Neue Paartanzkurse ab Juni 2026;Neue Paartanzkurse ab Juni 2026 in Hannover | Tanzschule Bot
1;Kurs- und Angebotsseite;https://www.tanzschule-bothe.de/opernball-2024-debuetanten/;Beschreibung;Automat;;Der Opernball Hannover findet seit über 25 Jahren unter einem jährlich wechselnden Motto in der Staatsoper Hannover statt.
1;Kurs- und Angebotsseite;https://www.tanzschule-bothe.de/opernball-2024-debuetanten/;Titel;Automat;"Tanzschule Familie Bothe | Opernball 2024 &#8211; &#8222;LET THE SUNSHINE IN&#8220;";"Opernball 2024 &#8211; &#8222;LET THE SUNSHINE IN&#8220; in "
1;Kurs- und Angebotsseite;https://www.tanzschule-bothe.de/paartanzkurse-ab-28-08-2022-jetzt-anmelden/;Beschreibung;Automat;;Unser vielfältiges Tanzprogramm für Paare bietet für jeden das passende Angebot: vom Standard- und Latein-Bereich über Specials und Trendtänze wie …
1;Kurs- und Angebotsseite;https://www.tanzschule-bothe.de/paartanzkurse-ab-28-08-2022-jetzt-anmelden/;Titel;Automat;Tanzschule Familie Bothe | Neue Paartanzkurse ab Januar 2025;Neue Paartanzkurse ab Januar 2025 in Hannover | Tanzschule B
1;Kurs- und Angebotsseite;https://www.tanzschule-bothe.de/schuelertanzkurse2027/;Beschreibung;Automat;;Erlebe, wieviel Spaß Tanzen zu zweit machen kann. Bei aktueller Musik lernst du die wichtigsten Tänze des Worlddancing-Programms kennen, die dich sicher …
1;Kurs- und Angebotsseite;https://www.tanzschule-bothe.de/schuelertanzkurse2027/;Titel;Automat;Tanzschule Familie Bothe | Schülertanzkurse ab Januar 2027;Tanzkurse für Schülerinnen und Schüler in Hannover | Tanzsch
1;Kurs- und Angebotsseite;https://www.tanzschule-bothe.de/werde-gastherr-fuer-unsere-schuelertanzkurse/;Beschreibung;Automat;;Du willst noch mehr tanzen? Bereits ab der ersten Stufe können Herren in Parallelkursen als Gastherren noch weitere Tanzstunden erleben und das völlig …
1;Kurs- und Angebotsseite;https://www.tanzschule-bothe.de/werde-gastherr-fuer-unsere-schuelertanzkurse/;Titel;Automat;Tanzschule Familie Bothe | Werde GASTHERR für unsere Schülertanzkurse;Werde GASTHERR für unsere Schülertanzkurse in Hannover | Tan
1;Startseite;https://www.tanzschule-bothe.de/;Titel;Hand;;Tanzschule Hannover & Burgwedel | Tanzschulen Bothe
1;Startseite;https://www.tanzschule-bothe.de/;Beschreibung;Hand;;Über 220 Tanzangebote pro Woche in drei Häusern: Paartanz, Kindertanz, Hip Hop und Dance & Fitness. Eine Flatrate, erste Stunde kostenlos.
1;Kurs- und Angebotsseite;https://www.tanzschule-bothe.de/bwschuelerkursealt/;aus dem Index nehmen;Automat;Tanzschule Familie Bothe - BW Schülertanzkurse;"Status 410 oder <meta name=""robots"" content=""noindex"">"
2;Standort, Kontakt oder Service;https://www.tanzschule-bothe.de/tickets/;Titel;Hand;;Tickets für Bälle und Partys in Hannover | Bothe
2;Standort, Kontakt oder Service;https://www.tanzschule-bothe.de/tickets/;Beschreibung;Hand;;Karten für Winter-Galaball, Junioren-Galaball, Friday Night Party und Schülerdiscos — online buchen.
2;Standort, Kontakt oder Service;https://www.tanzschule-bothe.de/community/;Titel;Hand;;Bothe Community App für Kurse und Termine
2;Standort, Kontakt oder Service;https://www.tanzschule-bothe.de/community/;Beschreibung;Hand;;Kurstermine, Anmeldung und Videoportal in einer App — die Tanzschule immer dabei, rund um die Uhr.
2;Standort, Kontakt oder Service;https://www.tanzschule-bothe.de/dassindwir/;Titel;Hand;;Über die Tanzschulen Familie Bothe in Hannover
2;Standort, Kontakt oder Service;https://www.tanzschule-bothe.de/dassindwir/;Beschreibung;Hand;;Seit 1954 in dritter Generation: drei Häuser, elf Säle und rund 220 Tanzangebote pro Woche in Hannover und Burgwedel.
2;Standort, Kontakt oder Service;https://www.tanzschule-bothe.de/divi_mega_pro/schnellkontakt/;Beschreibung;Automat;;Tanzsvilla Waldersee Walderseestr. Tanzhaus Hannover Podbielskistr. Tanzhaus Burgwedel Kokenhorststr · 30938 Burgwedel
2;Standort, Kontakt oder Service;https://www.tanzschule-bothe.de/divi_mega_pro/schnellkontakt/;Titel;Automat;Tanzschule Familie Bothe | Schnellkontakt;Schnellkontakt in Hannover | Tanzschule Bothe
2;Standort, Kontakt oder Service;https://www.tanzschule-bothe.de/faq/;Titel;Hand;;Häufige Fragen zu Tanzkursen in Hannover | Bothe
2;Standort, Kontakt oder Service;https://www.tanzschule-bothe.de/faq/;Beschreibung;Hand;;Antworten zu Anmeldung, Flatrate, Kündigung, Tanzpartner und passender Kleidung — die häufigsten Fragen auf einen Blick.
2;Standort, Kontakt oder Service;https://www.tanzschule-bothe.de/locations/;Titel;Hand;;Tanzschulen in Hannover und Burgwedel: 3 Häuser | Bothe
2;Standort, Kontakt oder Service;https://www.tanzschule-bothe.de/locations/;Beschreibung;Hand;;Tanzhaus Hannover, Tanzvilla Waldersee und Tanzhaus Burgwedel — mit Anfahrt, Parkplätzen direkt vor der Tür und Öffnungszeiten.
2;Standort, Kontakt oder Service;https://www.tanzschule-bothe.de/team/;Titel;Hand;;Das Team der Tanzschulen Bothe in Hannover
2;Standort, Kontakt oder Service;https://www.tanzschule-bothe.de/team/;Beschreibung;Hand;;Unsere Tanzlehrerinnen und Tanzlehrer — alle im eigenen Haus ausgebildet, seit 1954 in dritter Generation.
2;Standort, Kontakt oder Service;https://www.tanzschule-bothe.de/traditionverpflichtet/;Titel;Hand;;70 Jahre Tanzschule Bothe in Hannover
2;Standort, Kontakt oder Service;https://www.tanzschule-bothe.de/traditionverpflichtet/;Beschreibung;Hand;;Von der Gründung 1954 durch Winfried Bothe bis heute — die Geschichte der Tanzschulen Familie Bothe in dritter Generation.
2;Standort, Kontakt oder Service;https://www.tanzschule-bothe.de/vermietung/;Titel;Hand;;Tanzsaal mieten in Hannover: 11 Säle | Bothe
2;Standort, Kontakt oder Service;https://www.tanzschule-bothe.de/vermietung/;Beschreibung;Hand;;Räume für Feiern, Tagungen und Veranstaltungen in drei Häusern, bis 1.800 m². Mit Technik, Bar und Catering auf Wunsch.
2;Standort, Kontakt oder Service;https://www.tanzschule-bothe.de/community-app-wird-bothe/;Beschreibung;Automat;;-Community ohne eine App laden zu müssen! Die schnellste Verbindung zur Tanzschule und das rund um die Uhr per PC/Laptop/Tablet & Smartphone .
2;Standort, Kontakt oder Service;https://www.tanzschule-bothe.de/community-app-wird-bothe/;Titel;Automat;Tanzschule Familie Bothe | Die neue Bothe!-Community;Die neue Bothe!-Community in Hannover | Tanzschule Bothe
2;Standort, Kontakt oder Service;https://www.tanzschule-bothe.de/event/community-day-ab-12-jahren/;Beschreibung;Automat;;August 2026 FRIDAY NIGHT PARTY FRIDAY NIGHT PARTY 28.08.2026 Mehr Info
2;Standort, Kontakt oder Service;https://www.tanzschule-bothe.de/event/community-day-ab-12-jahren/;Titel;Automat;Tanzschule Familie Bothe | Community Day ab 12 Jahren;Event in Hannover | Tanzschule Bothe
2;Standort, Kontakt oder Service;https://www.tanzschule-bothe.de/kontakt/;Titel;Hand;;Kontakt zur Tanzschule Bothe in Hannover
2;Standort, Kontakt oder Service;https://www.tanzschule-bothe.de/kontakt/;Beschreibung;Hand;;Telefon, E-Mail und Anfahrt zu allen drei Tanzhäusern. Persönliche Beratung Montag bis Freitag, telefonisch oder vor Ort.
2;Standort, Kontakt oder Service;https://www.tanzschule-bothe.de/partner/;Titel;Hand;;Partner der Tanzschulen Bothe in Hannover
2;Standort, Kontakt oder Service;https://www.tanzschule-bothe.de/partner/;Beschreibung;Hand;;Mit wem wir zusammenarbeiten: Vereine, Schulen, Veranstalter und Ausstatter rund um das Tanzen in Hannover.
2;Standort, Kontakt oder Service;https://www.tanzschule-bothe.de/shop/;Titel;Hand;;Tanzshop Hannover: Schuhe und Zubehör | Bothe
2;Standort, Kontakt oder Service;https://www.tanzschule-bothe.de/shop/;Beschreibung;Hand;;Tanzschuhe, Pflege und Zubehör in unseren Tanzhäusern — mit Beratung und Anprobe vor Ort.
2;Standort, Kontakt oder Service;https://www.tanzschule-bothe.de/events/kategorie/workshop/;Titel;Automat;"Veranstaltungen von 12.02.2022 &#8211; 15.05.2022 &#8250; Workshop &#8250; &#8211; Tanzschule Familie Bothe";Workshop in Hannover | Tanzschule Bothe
3;Veranstaltung;https://www.tanzschule-bothe.de/event/ballpreview/;Beschreibung;Automat;;August 2026 FRIDAY NIGHT PARTY FRIDAY NIGHT PARTY 28.08.2026 Mehr Info
3;Veranstaltung;https://www.tanzschule-bothe.de/event/ballpreview/;Titel;Automat;Tanzschule Familie Bothe | Ballpreview;Event in Hannover | Tanzschule Bothe
3;Veranstaltung;https://www.tanzschule-bothe.de/event/christmas4kids/;Beschreibung;Automat;;August 2026 FRIDAY NIGHT PARTY FRIDAY NIGHT PARTY 28.08.2026 Mehr Info
3;Veranstaltung;https://www.tanzschule-bothe.de/event/christmas4kids/;Titel;Automat;Tanzschule Familie Bothe | Christmas4Kids;Event in Hannover | Tanzschule Bothe
3;Veranstaltung;https://www.tanzschule-bothe.de/event/danceconnect-8-15-jahre/;Beschreibung;Automat;;August 2026 FRIDAY NIGHT PARTY FRIDAY NIGHT PARTY 28.08.2026 Mehr Info
3;Veranstaltung;https://www.tanzschule-bothe.de/event/danceconnect-8-15-jahre/;Titel;Automat;"Tanzschule Familie Bothe | Dance&#038;Connect 8-15 Jahre";Event in Hannover | Tanzschule Bothe
3;Veranstaltung;https://www.tanzschule-bothe.de/event/familien-vortanzen-fuer-3-bis-5-jaehrige-4/;Beschreibung;Automat;;August 2026 Saison-Start im Paartanz-Bereich Saison-Start im Paartanz-Bereich 30.08.2026 Mehr Info
3;Veranstaltung;https://www.tanzschule-bothe.de/event/familien-vortanzen-fuer-3-bis-5-jaehrige-4/;Titel;Automat;Tanzschule Familie Bothe | Familien-Vortanzen für 3- bis 5-Jährige;Event in Hannover | Tanzschule Bothe
3;kommender Termin;https://www.tanzschule-bothe.de/event/friday-night-party-52/2026-08-28/;Beschreibung;Automat;;August 2026 Dance&Connect 8-15 Jahre Dance&Connect 8-15 Jahre 29.08.2026 Mehr Info
3;kommender Termin;https://www.tanzschule-bothe.de/event/friday-night-party-52/2026-08-28/;Titel;Automat;Tanzschule Familie Bothe | FRIDAY NIGHT PARTY;Event in Hannover | Tanzschule Bothe
3;kommender Termin;https://www.tanzschule-bothe.de/event/friday-night-party-52/2026-09-11/;Beschreibung;Automat;;August 2026 FRIDAY NIGHT PARTY FRIDAY NIGHT PARTY 28.08.2026 Mehr Info
3;kommender Termin;https://www.tanzschule-bothe.de/event/friday-night-party-52/2026-09-11/;Titel;Automat;Tanzschule Familie Bothe | FRIDAY NIGHT PARTY;Event in Hannover | Tanzschule Bothe
3;kommender Termin;https://www.tanzschule-bothe.de/event/friday-night-party-52/2026-09-25/;Beschreibung;Automat;;August 2026 FRIDAY NIGHT PARTY FRIDAY NIGHT PARTY 28.08.2026 Mehr Info
3;kommender Termin;https://www.tanzschule-bothe.de/event/friday-night-party-52/2026-09-25/;Titel;Automat;Tanzschule Familie Bothe | FRIDAY NIGHT PARTY;Event in Hannover | Tanzschule Bothe
3;kommender Termin;https://www.tanzschule-bothe.de/event/friday-night-party-52/2026-10-09/;Beschreibung;Automat;;August 2026 FRIDAY NIGHT PARTY FRIDAY NIGHT PARTY 28.08.2026 Mehr Info
3;kommender Termin;https://www.tanzschule-bothe.de/event/friday-night-party-52/2026-10-09/;Titel;Automat;Tanzschule Familie Bothe | FRIDAY NIGHT PARTY;Event in Hannover | Tanzschule Bothe
3;kommender Termin;https://www.tanzschule-bothe.de/event/friday-night-party-52/2026-11-06/;Beschreibung;Automat;;August 2026 FRIDAY NIGHT PARTY FRIDAY NIGHT PARTY 28.08.2026 Mehr Info
3;kommender Termin;https://www.tanzschule-bothe.de/event/friday-night-party-52/2026-11-06/;Titel;Automat;Tanzschule Familie Bothe | FRIDAY NIGHT PARTY;Event in Hannover | Tanzschule Bothe
3;kommender Termin;https://www.tanzschule-bothe.de/event/friday-night-party-52/2026-11-20/;Beschreibung;Automat;;August 2026 FRIDAY NIGHT PARTY FRIDAY NIGHT PARTY 28.08.2026 Mehr Info
3;kommender Termin;https://www.tanzschule-bothe.de/event/friday-night-party-52/2026-11-20/;Titel;Automat;Tanzschule Familie Bothe | FRIDAY NIGHT PARTY;Event in Hannover | Tanzschule Bothe
3;Veranstaltung;https://www.tanzschule-bothe.de/event/glueckswoche-fuer-erwachsene/;Beschreibung;Automat;;August 2026 Saison-Start im Paartanz-Bereich Saison-Start im Paartanz-Bereich 30.08.2026 Mehr Info
3;Veranstaltung;https://www.tanzschule-bothe.de/event/glueckswoche-fuer-erwachsene/;Titel;Automat;Tanzschule Familie Bothe | Glückswoche für Erwachsene;Event in Hannover | Tanzschule Bothe
3;Veranstaltung;https://www.tanzschule-bothe.de/event/halloween-woche-fuer-kids/;Beschreibung;Automat;;August 2026 Saison-Start im Paartanz-Bereich Saison-Start im Paartanz-Bereich 30.08.2026 Mehr Info
3;Veranstaltung;https://www.tanzschule-bothe.de/event/halloween-woche-fuer-kids/;Titel;Automat;Tanzschule Familie Bothe | Halloween-Woche für Kids;Event in Hannover | Tanzschule Bothe
3;Veranstaltung;https://www.tanzschule-bothe.de/event/hawaii-schueler-disco/;Beschreibung;Automat;;August 2026 WELCOME PARTY – August-Saison 26-2 WELCOME PARTY – August-Saison 26-2 22.08.2026 Mehr Info
3;Veranstaltung;https://www.tanzschule-bothe.de/event/hawaii-schueler-disco/;Titel;Automat;Tanzschule Familie Bothe | Hawaii Schüler-Disco;Event in Hannover | Tanzschule Bothe
3;Veranstaltung;https://www.tanzschule-bothe.de/event/junioren-galaball-13/;Beschreibung;Automat;;Dezember 2026 Winter-Galaball 2026 Winter-Galaball 2026 05.12.2026 Mehr Info
3;Veranstaltung;https://www.tanzschule-bothe.de/event/junioren-galaball-13/;Titel;Automat;Tanzschule Familie Bothe | Junioren-Galaball;Event in Hannover | Tanzschule Bothe
3;Veranstaltung;https://www.tanzschule-bothe.de/event/schueler-disco-23/;Beschreibung;Automat;;August 2026 WELCOME PARTY – August-Saison 26-2 WELCOME PARTY – August-Saison 26-2 22.08.2026 Mehr Info
3;Veranstaltung;https://www.tanzschule-bothe.de/event/schueler-disco-23/;Titel;Automat;Tanzschule Familie Bothe | Schüler-Disco;Event in Hannover | Tanzschule Bothe
3;Veranstaltung;https://www.tanzschule-bothe.de/event/schueler-disco-24/;Beschreibung;Automat;;August 2026 WELCOME PARTY – August-Saison 26-2 WELCOME PARTY – August-Saison 26-2 22.08.2026 Mehr Info
3;Veranstaltung;https://www.tanzschule-bothe.de/event/schueler-disco-24/;Titel;Automat;Tanzschule Familie Bothe | Schüler-Disco;Event in Hannover | Tanzschule Bothe
3;Veranstaltung;https://www.tanzschule-bothe.de/event/tanz-in-den-advent-2/;Beschreibung;Automat;;Tanz in den Advent Datum 28.11.2026 Zeit Ganztägiger Termin Veranstaltungsort TANZHAUS BURGWEDEL Standort Kokenhorststraße 15, Burgwedel, 30938, …
3;Veranstaltung;https://www.tanzschule-bothe.de/event/tanz-in-den-advent-2/;Titel;Automat;Tanzschule Familie Bothe | Tanz in den Advent;Event in Hannover | Tanzschule Bothe
3;Veranstaltung;https://www.tanzschule-bothe.de/event/umgangsformenseminar-teil-1/;Beschreibung;Automat;;August 2026 FRIDAY NIGHT PARTY FRIDAY NIGHT PARTY 28.08.2026 Mehr Info
3;Veranstaltung;https://www.tanzschule-bothe.de/event/umgangsformenseminar-teil-1/;Titel;Automat;Tanzschule Familie Bothe | Umgangsformenseminar Teil 1;Event in Hannover | Tanzschule Bothe
3;Veranstaltung;https://www.tanzschule-bothe.de/event/vip-gruenkohl-essen-fuer-paare/;Beschreibung;Automat;;August 2026 WELCOME PARTY – August-Saison 26-2 WELCOME PARTY – August-Saison 26-2 22.08.2026 Mehr Info
3;Veranstaltung;https://www.tanzschule-bothe.de/event/vip-gruenkohl-essen-fuer-paare/;Titel;Automat;Tanzschule Familie Bothe | VIP-Grünkohl-Essen für Paare;Event in Hannover | Tanzschule Bothe
3;Veranstaltung;https://www.tanzschule-bothe.de/event/welcome-party-august-saison-26-2/;Beschreibung;Automat;;September 2026 Hawaii Schüler-Disco Hawaii Schüler-Disco 12.09.2026 Mehr Info
3;Veranstaltung;https://www.tanzschule-bothe.de/event/welcome-party-august-saison-26-2/;Titel;Automat;Tanzschule Familie Bothe | WELCOME PARTY – August-Saison 26-2;Event in Hannover | Tanzschule Bothe
3;Veranstaltung;https://www.tanzschule-bothe.de/event/winter-galaball-2026/;Beschreibung;Automat;;September 2026 Junioren-Galaball Junioren-Galaball 05.09.2026 Mehr Info
3;Veranstaltung;https://www.tanzschule-bothe.de/event/winter-galaball-2026/;Titel;Automat;Tanzschule Familie Bothe | Winter-Galaball 2026;Event in Hannover | Tanzschule Bothe
4;sonstige Seite;https://www.tanzschule-bothe.de/umfrage/;Beschreibung;Automat;;Umfrage für Teilnehmer folgender Stufen: Paartanzkurse für Erwachsene (Einsteiger- bis Goldstufe) Special-Paartanzkurse (Discofox, Salsa & Co) Wir möchten …
4;sonstige Seite;https://www.tanzschule-bothe.de/umfrage/;Titel;Automat;Tanzschule Familie Bothe | Umfrage;Deine Meinung Zählt in Hannover | Tanzschule Bothe
4;sonstige Seite;https://www.tanzschule-bothe.de/3d-flip-book/70-jahre-70-fakten/;Beschreibung;Automat;;Tanzsvilla Waldersee Walderseestr. Tanzhaus Hannover Podbielskistr. Tanzhaus Burgwedel Kokenhorststr · 30938 Burgwedel
4;sonstige Seite;https://www.tanzschule-bothe.de/3d-flip-book/70-jahre-70-fakten/;Titel;Automat;"Tanzschule Familie Bothe | 70 Jahre &#8211; 70 Fakten";"70 Jahre &#8211; 70 Fakten in Hannover | Tanzschule Bothe"
4;sonstige Seite;https://www.tanzschule-bothe.de/3d-flip-book/hannover-tanzt/;Beschreibung;Automat;;Tanzsvilla Waldersee Walderseestr. Tanzhaus Hannover Podbielskistr. Tanzhaus Burgwedel Kokenhorststr · 30938 Burgwedel
4;sonstige Seite;https://www.tanzschule-bothe.de/3d-flip-book/hannover-tanzt/;Titel;Automat;Tanzschule Familie Bothe | HIER TANZT HANNOVER TANZT;Hier Tanzt Hannover Tanzt in Hannover | Tanzschule Bothe
4;sonstige Seite;https://www.tanzschule-bothe.de/70jahre/;Beschreibung;Automat;;Es ist uns eine Ehre, 70 Jahre Tanz, Gemeinschaft und Tradition zu feiern.
4;sonstige Seite;https://www.tanzschule-bothe.de/70jahre/;Titel;Automat;Tanzschule Familie Bothe | 70 Jahre Tanzschule Familie Bothe;Mehr Als Nur Ein Grund Zu Feiern! in Hannover | Tanzschule B
4;sonstige Seite;https://www.tanzschule-bothe.de/agb/;Beschreibung;Automat;;internet: www.tanzschulen-bothe.de Verantwortlich für den Inhalt § 27 a UStG: DE 11 57 00 783 Plattform der EU-Kommission zur Online-Streitbeilegung: …
4;sonstige Seite;https://www.tanzschule-bothe.de/agb/;Titel;Automat;Tanzschule Familie Bothe | AGB;Impressum / Agb in Hannover | Tanzschule Bothe
4;sonstige Seite;https://www.tanzschule-bothe.de/ausbildung/;Beschreibung;Automat;;"ADTV-Tanzlehrer/innen verfügen über hohe soziale und integrative Kompetenz; sie wollen Menschen aller Altersgruppen glücklich, fit und tänzerisch …"
4;sonstige Seite;https://www.tanzschule-bothe.de/ausbildung/;Titel;Automat;Tanzschule Familie Bothe | Deine Ausbildung;Deine Ausbildung in Hannover | Tanzschule Bothe
4;sonstige Seite;https://www.tanzschule-bothe.de/blackdeals/;Beschreibung;Automat;;Das Angebot gilt von Fr., 28.11.2025, 00:01 Uhr bis So., 30.11.2025, 23:59 Uhr Black Dance Deals von Fr., 28.11.
4;sonstige Seite;https://www.tanzschule-bothe.de/blackdeals/;Titel;Automat;Tanzschule Familie Bothe - Black Friday Gutscheine;Black Friday Gutscheine in Hannover | Tanzschule Bothe
4;sonstige Seite;https://www.tanzschule-bothe.de/dc/;Beschreibung;Automat;;Workshops und Come-together für die Altersgruppe 8-15 Jahre DANCE&CONNECT – Workshops und neue Moves Lust auf neue Moves, coole Workshops und jede Menge …
4;sonstige Seite;https://www.tanzschule-bothe.de/dc/;Titel;Automat;"Tanzschule Familie Bothe | Dance&#038;Connect";Dance&Connect in Hannover | Tanzschule Bothe
4;sonstige Seite;https://www.tanzschule-bothe.de/disco4kids/;Beschreibung;Automat;;GRUSELIGE HALLOWEEN-DISCO IM TANZHAUS HANNOVER Wir freuen uns auf eure gruseligen/verrückten Verkleidungen!
4;sonstige Seite;https://www.tanzschule-bothe.de/disco4kids/;Titel;Automat;Tanzschule Familie Bothe | Disco4Kids;Halloween-Disco in Hannover | Tanzschule Bothe
4;sonstige Seite;https://www.tanzschule-bothe.de/fitdankbaby/;Beschreibung;Automat;;Effektitves Ganzkörperworkout Spaß für Mama UND Baby Kreative Babyspiele – für fitte Babys Eine Kurseinheit beträgt 75 Minuten.
4;sonstige Seite;https://www.tanzschule-bothe.de/fitdankbaby/;Titel;Automat;Tanzschule Familie Bothe | fitdankbaby®;Mini in Hannover | Tanzschule Bothe
4;sonstige Seite;https://www.tanzschule-bothe.de/funday/;Beschreibung;Automat;;Orientierungstag für 6- bis 13-Jährige Bei unserem FUNDAY zeigen wir Dir, was wir alles drauf haben!
4;sonstige Seite;https://www.tanzschule-bothe.de/funday/;Titel;Automat;Tanzschule Familie Bothe | FUNDAY;Funday in Hannover | Tanzschule Bothe
4;sonstige Seite;https://www.tanzschule-bothe.de/glambeats/;Beschreibung;Automat;;Stell dir vor, du schlenderst mit einem Drink in der Hand an schönen Ständen vorbei und lässt dich von verschiedensten Produkten lokaler …
4;sonstige Seite;https://www.tanzschule-bothe.de/glambeats/;Titel;Automat;Tanzschule Familie Bothe - GlamBeats;Glam Beats in Hannover | Tanzschule Bothe
4;sonstige Seite;https://www.tanzschule-bothe.de/gwkidsteens/;Beschreibung;Automat;;GLÜCKSWOCHE FÜR KIDS & TEENS Glückswoche für Kids & Teens von Montag, 01.09.
4;sonstige Seite;https://www.tanzschule-bothe.de/gwkidsteens/;Titel;Automat;"Tanzschule Familie Bothe | Glückswoche Kids &#038; Teens";Glückswoche in Hannover | Tanzschule Bothe
4;sonstige Seite;https://www.tanzschule-bothe.de/herbstmarkt/;Beschreibung;Automat;;Bothfelder Herbstmarkt-Special 2025 Liebe Besucher des Bothfelder Herbstmarkts, wir haben in diesem Jahr ein besonderes Angebot für euch.
4;sonstige Seite;https://www.tanzschule-bothe.de/herbstmarkt/;Titel;Automat;Tanzschule Familie Bothe | Bothfelder Herbstmarkt;Jetzt Tanzen in Hannover | Tanzschule Bothe
4;sonstige Seite;https://www.tanzschule-bothe.de/impressum/;Beschreibung;Automat;;Yorck-Oliver Bothe und Lennard Bothe internet: www.tanzschulen-bothe.de Verantwortlich für den Inhalt Yorck-Oliver Bothe und Lennard Bothe § 27 a UStG: DE …
4;sonstige Seite;https://www.tanzschule-bothe.de/impressum/;Titel;Automat;Tanzschule Familie Bothe - Impressum;Impressum / Agb in Hannover | Tanzschule Bothe
4;sonstige Seite;https://www.tanzschule-bothe.de/juniorengalaball/;Beschreibung;Automat;;JUNIOREN-GALABÄLLE IM KUPPELSAAL/HCC. BEGINN 20:00 Uhr, EINLASS 19:15 Uhr.
4;sonstige Seite;https://www.tanzschule-bothe.de/juniorengalaball/;Titel;Automat;Tanzschule Familie Bothe | Junioren-Galaball;Junioren-Galabälle in Hannover | Tanzschule Bothe
4;sonstige Seite;https://www.tanzschule-bothe.de/kidsdiplom/;Beschreibung;Automat;;KIDS-DIPLOM im TANZHAUS HANNOVER Liebe Eltern, liebe Tänzerinnen und Tänzer, März 2026 , findet für unsere 6- bis 12-jährigen Bothe-Kids das Kids-Diplom …
4;sonstige Seite;https://www.tanzschule-bothe.de/kidsdiplom/;Titel;Automat;Tanzschule Familie Bothe | Kidsdiplom;Kids-Diplom in Hannover | Tanzschule Bothe
4;sonstige Seite;https://www.tanzschule-bothe.de/nobilis/;Beschreibung;Automat;;TANZEN – macht einfach nur glücklich Tanzgutscheine sind immer die beste Idee.
4;sonstige Seite;https://www.tanzschule-bothe.de/nobilis/;Titel;Automat;Tanzschule Familie Bothe | Tanzgutscheine Nobilis;Tanzgutscheine Nobilis in Hannover | Tanzschule Bothe
4;sonstige Seite;https://www.tanzschule-bothe.de/odd/;Beschreibung;Automat;;Workshops für alle Altersgruppen OPEN DANCE DAY SO, 16.03.2025 März 2025, bieten wir von 14:00 – 19:00 Uhr bei unserem OPEN DANCE DAY, einem Tag der …
4;sonstige Seite;https://www.tanzschule-bothe.de/odd/;Titel;Automat;Tanzschule Familie Bothe - Open Dance Day;Open Dance Day in Hannover | Tanzschule Bothe
4;sonstige Seite;https://www.tanzschule-bothe.de/opernball/;Beschreibung;Automat;;Der Opernball Hannover findet seit über 25 Jahren unter einem jährlich wechselnden Motto in der Staatsoper Hannover statt.
4;sonstige Seite;https://www.tanzschule-bothe.de/opernball/;Titel;Automat;Tanzschule Familie Bothe | Opernball;Opernball-Tanzstunde in Hannover | Tanzschule Bothe
4;sonstige Seite;https://www.tanzschule-bothe.de/spotify/;Beschreibung;Automat;;SERVICE > MUSIK-EMPFEHLUNGEN Wer gerne unterwegs oder zu Hause die Tänze üben möchte oder einfach gute Tanzmusik hören möchte, kann uns bei Spotify folgen.
4;sonstige Seite;https://www.tanzschule-bothe.de/spotify/;Titel;Automat;Tanzschule Familie Bothe - Spotify;Musik-Empfehlungen in Hannover | Tanzschule Bothe
4;sonstige Seite;https://www.tanzschule-bothe.de/summercamp/;Beschreibung;Automat;;TANZHAUS HANNOVER Podbielskistraße 299B 30655 Hannover Das 2006 erbaute TANZHAUS HANNOVER an der Podbielskistraße bietet mit inzwischen 5 großen Sälen und …
4;sonstige Seite;https://www.tanzschule-bothe.de/summercamp/;Titel;Automat;Tanzschule Familie Bothe | Summercamp;Das Tanzhaus Hannover in Hannover | Tanzschule Bothe
4;sonstige Seite;https://www.tanzschule-bothe.de/tdot/;Beschreibung;Automat;;Workshops und Showprogramm TAG DER OFFENEN TÜR AM 20.08.2023 August, lädt die Tanzschule Bothe zu einem Tag der offenen Tür in das TANZHAUS BURGWEDEL in …
4;sonstige Seite;https://www.tanzschule-bothe.de/tdot/;Titel;Automat;Tanzschule Familie Bothe - Glückswoche;Tag Der Offenen Tür in Hannover | Tanzschule Bothe
4;sonstige Seite;https://www.tanzschule-bothe.de/umgangsformenseminar-teil-2/;Beschreibung;Automat;;Nobodys perfect - learning by doing UMGANGSFORMENSEMINAR TEIL 2 Juni 2026 treffen wir uns am Restauranteingang von Meiers Lebenslust zu einem unserer …
4;sonstige Seite;https://www.tanzschule-bothe.de/umgangsformenseminar-teil-2/;Titel;Automat;Tanzschule Familie Bothe | Umgangsformenseminar Teil 2;Umgangsformenseminar Teil 2 in Hannover | Tanzschule Bothe
4;sonstige Seite;https://www.tanzschule-bothe.de/zukunftstag/;Beschreibung;Automat;;TANZHAUS HANNOVER Podbielskistraße 299B 30655 Hannover Das 2006 erbaute TANZHAUS HANNOVER an der Podbielskistraße bietet mit inzwischen 5 großen Sälen und …
4;sonstige Seite;https://www.tanzschule-bothe.de/zukunftstag/;Titel;Automat;Tanzschule Familie Bothe | Zukunftstag;Das Tanzhaus Hannover in Hannover | Tanzschule Bothe
4;sonstige Seite;https://www.tanzschule-bothe.de/70-jahre-tanzschule-bothe/;Beschreibung;Automat;;Hier zum digitalen durchblättern. In unseren Tanzhäusern liegen Exemplare zum Mitnehmen und Verteilen aus.
4;sonstige Seite;https://www.tanzschule-bothe.de/70-jahre-tanzschule-bothe/;Titel;Automat;Tanzschule Familie Bothe | 70 Jahre Tanzschule Bothe;70 Jahre Tanzschule Bothe in Hannover | Tanzschule Bothe
4;sonstige Seite;https://www.tanzschule-bothe.de/danceconnect-2026/;Beschreibung;Automat;;Du bist zwischen 8 und 15 Jahre alt, hast Lust auf neue Moves, coole Workshops und jede Menge Tanz-Action?
4;sonstige Seite;https://www.tanzschule-bothe.de/danceconnect-2026/;Titel;Automat;"Tanzschule Familie Bothe | Dance&#038;Connect 2026";"Dance&#038;Connect 2026 in Hannover | Tanzschule Bothe"
4;sonstige Seite;https://www.tanzschule-bothe.de/divi_mega_pro/angebotsfinder-burgwedel/;Beschreibung;Automat;;Paartanz Erwachsene Tanzen & Fitness Erwachs. Schüler-Tanzkurse Kids
4;sonstige Seite;https://www.tanzschule-bothe.de/divi_mega_pro/angebotsfinder-burgwedel/;Titel;Automat;Tanzschule Familie Bothe | Angebotsfinder Burgwedel;Angebotsfinder Burgwedel in Hannover | Tanzschule Bothe
4;sonstige Seite;https://www.tanzschule-bothe.de/dj-battle-fuer-schueler-2/;Beschreibung;Automat;;DJ BATTLE für Schüler am 04. Du liebst Musik und träumst davon, diese Passion mit anderen zu teilen?
4;sonstige Seite;https://www.tanzschule-bothe.de/dj-battle-fuer-schueler-2/;Titel;Automat;Tanzschule Familie Bothe | DJ-Battle für Schüler;DJ-Battle für Schüler in Hannover | Tanzschule Bothe
4;sonstige Seite;https://www.tanzschule-bothe.de/erfolgreicher-turniertag-in-osnabrueck/;Beschreibung;Automat;;waren unsere beiden Lateinformationen beim letzten Turnier der Saison in Osnabrück.
4;sonstige Seite;https://www.tanzschule-bothe.de/erfolgreicher-turniertag-in-osnabrueck/;Titel;Automat;Tanzschule Familie Bothe | Erfolgreicher Turniertag in Osnabrück;Erfolgreicher Turniertag in Osnabrück in Hannover | Tanzschu
4;sonstige Seite;https://www.tanzschule-bothe.de/erfolgreiches-hip-hop-wochenende-2/;Beschreibung;Automat;;Am vergangenen Wochenende fand in Lüneburg die Norddeutsche Meisterschaft DTHO statt.
4;sonstige Seite;https://www.tanzschule-bothe.de/erfolgreiches-hip-hop-wochenende-2/;Titel;Automat;Tanzschule Familie Bothe | Erfolgreiches Hip Hop-Wochenende;Erfolgreiches Hip Hop-Wochenende in Hannover | Tanzschule Bo
4;sonstige Seite;https://www.tanzschule-bothe.de/erfolgreiches-hip-hop-wochenende-3/;Beschreibung;Automat;;Am Wochenende fanden in Braunschweig die FINALS der International Dance Competition statt.
4;sonstige Seite;https://www.tanzschule-bothe.de/erfolgreiches-hip-hop-wochenende-3/;Titel;Automat;Tanzschule Familie Bothe | Erfolgreiches Hip Hop Wochenende;Erfolgreiches Hip Hop Wochenende in Hannover | Tanzschule Bo
4;sonstige Seite;https://www.tanzschule-bothe.de/erfolgreiches-hip-hop-wochenende/;Beschreibung;Automat;;Am Wochenende fanden in Braunschweig in der Volkswagen Halle die FINALS der International Dance Competition statt.
4;sonstige Seite;https://www.tanzschule-bothe.de/erfolgreiches-hip-hop-wochenende/;Titel;Automat;Tanzschule Familie Bothe | Erfolgreiches Hip Hop Wochenende;Erfolgreiches Hip Hop Wochenende in Hannover | Tanzschule Bo
4;sonstige Seite;https://www.tanzschule-bothe.de/erfolgreiches-hiphop-wochenende/;Beschreibung;Automat;;Am vergangenen Wochenende fand die Dance Competition der DTHO statt und unsere Tänzerinnen und Tänzer konnten mit großartigen Leistungen überzeugen.
4;sonstige Seite;https://www.tanzschule-bothe.de/erfolgreiches-hiphop-wochenende/;Titel;Automat;Tanzschule Familie Bothe | Erfolgreiches HipHop-Wochenende;Erfolgreiches HipHop-Wochenende in Hannover | Tanzschule Bot
4;sonstige Seite;https://www.tanzschule-bothe.de/ferienzeiten/;Beschreibung;Automat;;Die Tanzschulferien passen sich terminlich den Schulferien in Niedersachsen an und variieren in den verschiedenen Bereichen, siehe Auflistung.
4;sonstige Seite;https://www.tanzschule-bothe.de/ferienzeiten/;Titel;Automat;Tanzschule Familie Bothe | Ferienzeiten;Tanzfreie Zeiten in Hannover | Tanzschule Bothe
4;sonstige Seite;https://www.tanzschule-bothe.de/freunde-werben-freunde/;Beschreibung;Automat;;50,00 EUR Gutschrift auf Dein Kundenkonto – werbe Freunde, die noch nie bei uns angemeldet waren – Solotanz (Hip Hop, Dance&Fitness, Kindertanz, etc.): € …
4;sonstige Seite;https://www.tanzschule-bothe.de/freunde-werben-freunde/;Titel;Automat;Tanzschule Familie Bothe | Freunde werben Freunde;Freunde werben Freunde in Hannover | Tanzschule Bothe
4;sonstige Seite;https://www.tanzschule-bothe.de/friday-night-mees-afterwork/;Beschreibung;Automat;;Feier den perfekten Start ins Wochenende mit Tanz, Musik, gutem Wein und ausgelassener Stimmung!
4;sonstige Seite;https://www.tanzschule-bothe.de/friday-night-mees-afterwork/;Titel;Automat;Tanzschule Familie Bothe | Friday Night meets Afterwork;Friday Night meets Afterwork in Hannover | Tanzschule Bothe
4;sonstige Seite;https://www.tanzschule-bothe.de/friday-night-party-wiesn-edition/;Beschreibung;Automat;;Holt eure Dirndl & Lederhosen raus – wir feiern die Friday Night Party am 26. September 2025 ab 20:15 Uhr im echten Wiesn-Style im TANZHAUS HANNOVER!
4;sonstige Seite;https://www.tanzschule-bothe.de/friday-night-party-wiesn-edition/;Titel;Automat;"Tanzschule Familie Bothe | FRIDAY NIGHT PARTY &#8211; WIESN-EDITION";"Friday Night Party &#8211; Wiesn-Edition in Hannover | Tanzs"
4;sonstige Seite;https://www.tanzschule-bothe.de/fridaynight/;Beschreibung;Automat;;EVENTS > FRIDAY NIGHT PARTY – 24.00 Uhr im TANZHAUS HANNOVER: afterwork-Tanzparty Der Freizeitmarkt und die Fitnessbranche boomen, auch der Bedarf an …
4;sonstige Seite;https://www.tanzschule-bothe.de/fridaynight/;Titel;Automat;Tanzschule Familie Bothe | Friday Night Party;Friday Night Party in Hannover | Tanzschule Bothe
4;sonstige Seite;https://www.tanzschule-bothe.de/glueckswoche-2025/;Beschreibung;Automat;;Glückswoche für Erwachsene von Sonntag, 24.08. Deine Freunde oder Familienmitglieder tanzen noch nicht bei uns?
4;sonstige Seite;https://www.tanzschule-bothe.de/glueckswoche-2025/;Titel;Automat;Tanzschule Familie Bothe | Glückswoche für Erwachsene;Glückswoche für Erwachsene in Hannover | Tanzschule Bothe
4;sonstige Seite;https://www.tanzschule-bothe.de/glueckswoche-fuer-kids-und-teens/;Beschreibung;Automat;;Glückswoche für Kids & Teens von Montag, 01.09. Alle Kids und Teens, die noch nicht bei uns tanzen, haben eine Woche lang die Chance, unser Tanzangebot …
4;sonstige Seite;https://www.tanzschule-bothe.de/glueckswoche-fuer-kids-und-teens/;Titel;Automat;Tanzschule Familie Bothe | Glückswoche für Kids und Teens;Glückswoche für Kids und Teens in Hannover | Tanzschule Both
4;sonstige Seite;https://www.tanzschule-bothe.de/grand-opening-tag-der-offenen-tuer/;Beschreibung;Automat;;FÜR DIE GANZE FAMILIE – Wir feiern gemeinsam! Wir laden dich ganz herzlich zu unserem Tag der offenen Tür am Sonntag, 11.01.2026 im TANZHAUS HANNOVER von …
4;sonstige Seite;https://www.tanzschule-bothe.de/grand-opening-tag-der-offenen-tuer/;Titel;Automat;"Tanzschule Familie Bothe | GRAND OPENING &#8211; Tag der offenen Tür";"GRAND OPENING &#8211; Tag der offenen Tür in Hannover | Tanz"
4;sonstige Seite;https://www.tanzschule-bothe.de/grosse-erfolge-am-30-09-in-hamburg/;Beschreibung;Automat;;Erfolgreiches Hip-Hop Wochenende in Hamburg. Unsere Coaches sind mit ihren Crews nach Hamburg gefahren, um bei der Just Dance Competition ihr Können zu …
4;sonstige Seite;https://www.tanzschule-bothe.de/grosse-erfolge-am-30-09-in-hamburg/;Titel;Automat;Tanzschule Familie Bothe | Große Erfolge am 30.09. in Hamburg;Große Erfolge am 30.09. in Hamburg in Hannover | Tanzschule 
4;sonstige Seite;https://www.tanzschule-bothe.de/hannovertanzt-magazin/;Beschreibung;Automat;;Das Tanzmagazin der Tanzschule als Sonderbeilage für alle Abonnenten der Hannoverschen Allgemeine Zeitung (HAZ) und NEUE PRESSE (NP) vom 26.10.2019 in der …
4;sonstige Seite;https://www.tanzschule-bothe.de/hannovertanzt-magazin/;Titel;Automat;Tanzschule Familie Bothe - Hannover tanzt!;Hannover Tanzt! - Magazin in Hannover | Tanzschule Bothe
4;sonstige Seite;https://www.tanzschule-bothe.de/heidepark/;Beschreibung;Automat;;Ausflug in den Heide Park für unsere Schülertanzkurs-, Jugendclub- und Formations-Member ab 14 Jahren AUSFLUG IN DEN HEIDE PARK AM 31.
4;sonstige Seite;https://www.tanzschule-bothe.de/heidepark/;Titel;Automat;"Tanzschule Familie Bothe | Bothe on Tour &#8211; Heidepark";Bothe On Tour in Hannover | Tanzschule Bothe
4;sonstige Seite;https://www.tanzschule-bothe.de/ice-cream-challenge-jetzt-voten/;Beschreibung;Automat;;Die ICE CREAM CHALLENGE ist zurück! Wenn eure Schule die meisten Stimmen erhält, kommt der Bothe Ice Cream Wagen am Di., 04.
4;sonstige Seite;https://www.tanzschule-bothe.de/ice-cream-challenge-jetzt-voten/;Titel;Automat;"Tanzschule Familie Bothe | ICE CREAM CHALLENGE &#8211; jetzt voten!";"ICE CREAM CHALLENGE &#8211; jetzt voten! in Hannover | Tanzs"
4;sonstige Seite;https://www.tanzschule-bothe.de/in-erinnerung-an-winfried-bothe/;Beschreibung;Automat;;Januar 2026 ist unser Firmengründer Winfried Bothe im Alter von 91 Jahren friedlich im Kreise seiner Familie eingeschlafen.
4;sonstige Seite;https://www.tanzschule-bothe.de/in-erinnerung-an-winfried-bothe/;Titel;Automat;Tanzschule Familie Bothe | In Erinnerung an Winfried Bothe;In Erinnerung an Winfried Bothe in Hannover | Tanzschule Bot
4;sonstige Seite;https://www.tanzschule-bothe.de/jubilaeum-tanzschulgruender-wird-90/;Beschreibung;Automat;;Wer in Hannover tanzen lernen wollte, kam an ihm nicht vorbei: Winfried Bothe gründete einen Tag vor seinem 20.
4;sonstige Seite;https://www.tanzschule-bothe.de/jubilaeum-tanzschulgruender-wird-90/;Titel;Automat;"Tanzschule Familie Bothe | Jubiläum &#8211; Tanzschulgründer wird 90";"Jubiläum &#8211; Tanzschulgründer wird 90 in Hannover | Tanz"
4;sonstige Seite;https://www.tanzschule-bothe.de/juni-special-tanze-4-zahle-3/;Beschreibung;Automat;;Startet tanzend in den Sommer mit unserem exklusiven Juni-Angebot! Bucht euren Classic3- oder Premium3-Tanzkurs in Hannover mit Startdatum zwischen dem 01.06.
4;sonstige Seite;https://www.tanzschule-bothe.de/juni-special-tanze-4-zahle-3/;Titel;Automat;Tanzschule Familie Bothe | JUNI-SPECIAL: tanze 4, zahle 3!;JUNI-SPECIAL: tanze 4, zahle 3! in Hannover | Tanzschule Bot
4;sonstige Seite;https://www.tanzschule-bothe.de/kalender/;Beschreibung;Automat;;Folgen Folgen Folgen Folgen Folgen TANZHAUS HANNOVER Podbielskistraße 299B 30655 Hannover TANZHAUS BURGWEDEL Kokenhorststraße 15 30938 Burgwedel
4;sonstige Seite;https://www.tanzschule-bothe.de/kalender/;Titel;Automat;Tanzschule Familie Bothe | Kalender;Events in Hannover | Tanzschule Bothe
4;sonstige Seite;https://www.tanzschule-bothe.de/kostenlose-glueckswoche-2026/;Beschreibung;Automat;;Von Sonntag, 30.08., bis Freitag, 04.09.2026, bieten wir wieder eine kostenlose Woche der offenen Tür in folgenden Bereichen an: Einsteiger (Level1), …
4;sonstige Seite;https://www.tanzschule-bothe.de/kostenlose-glueckswoche-2026/;Titel;Automat;Tanzschule Familie Bothe | Kostenlose Glückswoche 2026;Kostenlose Glückswoche 2026 in Hannover | Tanzschule Bothe
4;sonstige Seite;https://www.tanzschule-bothe.de/news/;Beschreibung;Automat;;23.06.2026 Du bist zwischen 8 und 15 Jahre alt, hast Lust auf neue Moves, coole Workshops und jede Menge Tanz-Action? Dann sei dabei bei unserem Dance &...
4;sonstige Seite;https://www.tanzschule-bothe.de/news/;Titel;Automat;Tanzschule Familie Bothe - News;News-Blog in Hannover | Tanzschule Bothe
4;sonstige Seite;https://www.tanzschule-bothe.de/open-dance-day-2025/;Beschreibung;Automat;;März 2025 , bieten wir von 14:00 – 19:00 Uhr bei unserem OPEN DANCE DAY , einem Tag der offenen Tür, zahlreiche Workshops und Mitmachaktionen für Kinder, …
4;sonstige Seite;https://www.tanzschule-bothe.de/open-dance-day-2025/;Titel;Automat;Tanzschule Familie Bothe | OPEN DANCE DAY 2025;Open Dance Day 2025 in Hannover | Tanzschule Bothe
4;sonstige Seite;https://www.tanzschule-bothe.de/opening-party/;Beschreibung;Automat;;FÜR UNSERE TANZPAARE – Opening Party im TANZHAUS HANNOVER am Samstag, 17.01.2026 um 20:00 Uhr. Die erste Hausparty im neuen TANZHAUS HANNOVER!
4;sonstige Seite;https://www.tanzschule-bothe.de/opening-party/;Titel;Automat;Tanzschule Familie Bothe | OPENING PARTY;Opening Party in Hannover | Tanzschule Bothe
4;sonstige Seite;https://www.tanzschule-bothe.de/opening-studiob/;Beschreibung;Automat;;FÜR ALLE SOLOTÄNZER IM BEREICH HIP HOP/CHOREO & CO. Feiere mit uns am Samstag, den 10.01.2026 , von 15:00 bis 21:00 Uhr im TANZHAUS HANNOVER .
4;sonstige Seite;https://www.tanzschule-bothe.de/opening-studiob/;Titel;Automat;Tanzschule Familie Bothe | OPENING STUDIO B;Opening Studio B in Hannover | Tanzschule Bothe
4;sonstige Seite;https://www.tanzschule-bothe.de/opernballtanzstunde-2026/;Beschreibung;Automat;;Der Opernball Hannover findet seit über 25 Jahren unter einem jährlich wechselnden Motto in der Staatsoper Hannover statt.
4;sonstige Seite;https://www.tanzschule-bothe.de/opernballtanzstunde-2026/;Titel;Automat;Tanzschule Familie Bothe | OPERNBALLTANZSTUNDE 2026;Opernballtanzstunde 2026 in Hannover | Tanzschule Bothe
4;sonstige Seite;https://www.tanzschule-bothe.de/osterferien-2025/;Beschreibung;Automat;;Auch wir machen eine kleine Oster-Tanzpause. Hier findet ihr unsere Ferienzeiten für die verschiedenen Bereiche: Paartanz Erwachsene: Tanzpause: Sa., 12.04.
4;sonstige Seite;https://www.tanzschule-bothe.de/osterferien-2025/;Titel;Automat;Tanzschule Familie Bothe | Osterferien 2025;Osterferien 2025 in Hannover | Tanzschule Bothe
4;sonstige Seite;https://www.tanzschule-bothe.de/osterferien-2026/;Beschreibung;Automat;;Schon bald starten unsere Tanzschul-Osterferien. Hier sind die Ferienzeiten für euch im Überblick: Tanzpause – Paare und Dance&Ftness: Tanzpause – Kids, …
4;sonstige Seite;https://www.tanzschule-bothe.de/osterferien-2026/;Titel;Automat;Tanzschule Familie Bothe | Osterferien 2026;Osterferien 2026 in Hannover | Tanzschule Bothe
4;sonstige Seite;https://www.tanzschule-bothe.de/pink-black-party-fuer-schueler/;Beschreibung;Automat;;Feiere mit uns bei einer ultimativen Schülerparty wie Barbie und Ken mit dem Motto Pink & Black .
4;sonstige Seite;https://www.tanzschule-bothe.de/pink-black-party-fuer-schueler/;Titel;Automat;"Tanzschule Familie Bothe | Pink &#038; Black-Party für Schüler";"Pink &#038; Black-Party für Schüler in Hannover | Tanzschule"
4;sonstige Seite;https://www.tanzschule-bothe.de/schlossfest-2025/;Beschreibung;Automat;;Für die kleinsten Tänzer (3 – 7 Jahre) veranstalten wir am 17.05.2025 unser Schlossfest im TANZHAUS HANNOVER .
4;sonstige Seite;https://www.tanzschule-bothe.de/schlossfest-2025/;Titel;Automat;Tanzschule Familie Bothe | Schlossfest 2025;Schlossfest 2025 in Hannover | Tanzschule Bothe
4;sonstige Seite;https://www.tanzschule-bothe.de/showcase-2026/;Beschreibung;Automat;;Mit Freude verkünden wir, dass unser Showcase – Family & Friends auch 2026 wieder stattfindet.
4;sonstige Seite;https://www.tanzschule-bothe.de/showcase-2026/;Titel;Automat;Tanzschule Familie Bothe | Showcase 2026;Showcase 2026 in Hannover | Tanzschule Bothe
4;sonstige Seite;https://www.tanzschule-bothe.de/showcase-6-11-jahre/;Beschreibung;Automat;;Unser Showcase 4Kids – Family & Friends – die Erstausgabe für Tänzer von 6 – 11 Jahren. Ein großes Come-Together für unsere gesamte Bothe-Community.
4;sonstige Seite;https://www.tanzschule-bothe.de/showcase-6-11-jahre/;Titel;Automat;Tanzschule Familie Bothe | SHOWCASE | 6 -11 Jahre;SHOWCASE | 6 -11 Jahre in Hannover | Tanzschule Bothe
4;sonstige Seite;https://www.tanzschule-bothe.de/showcase-family-friends-is-back/;Beschreibung;Automat;;Showcase Family & Friends – Wir starten in die nächste Runde! Hier geht’s zu den Tickets!
4;sonstige Seite;https://www.tanzschule-bothe.de/showcase-family-friends-is-back/;Titel;Automat;"Tanzschule Familie Bothe | Showcase Family &#038; Friends is back!";"Showcase Family &#038; Friends is back! in Hannover | Tanzsc"
4;sonstige Seite;https://www.tanzschule-bothe.de/sommerferien-2026/;Beschreibung;Automat;;Die Sommerferien stehen vor der Tür. Hier findet ihr alle wichtigen Termine und die Sommer-Ferienprogramme auf einen Blick: Paartanz & Dance&Fitness …
4;sonstige Seite;https://www.tanzschule-bothe.de/sommerferien-2026/;Titel;Automat;Tanzschule Familie Bothe | Sommerferien 2026;Sommerferien 2026 in Hannover | Tanzschule Bothe
4;sonstige Seite;https://www.tanzschule-bothe.de/summer-dance-camp-2025/;Beschreibung;Automat;;MUSIK AN – WELT AUS – TANZEN! bieten wir Kids im Alter von 6-12 Jahren ein SUMMER-DANCE-CAMP im TANZHAUS HANNOVER an.
4;sonstige Seite;https://www.tanzschule-bothe.de/summer-dance-camp-2025/;Titel;Automat;Tanzschule Familie Bothe | SUMMER-DANCE-CAMP 2025;Summer-Dance-Camp 2025 in Hannover | Tanzschule Bothe
4;sonstige Seite;https://www.tanzschule-bothe.de/summer-dance-camp-2026/;Beschreibung;Automat;;bis Do., 09.07.2026 bieten wir Kids im Alter von 6-12 Jahren ein SUMMER-DANCE-CAMP im TANZHAUS HANNOVER an.
4;sonstige Seite;https://www.tanzschule-bothe.de/summer-dance-camp-2026/;Titel;Automat;Tanzschule Familie Bothe | SUMMER-DANCE-CAMP 2026;Summer-Dance-Camp 2026 in Hannover | Tanzschule Bothe
4;sonstige Seite;https://www.tanzschule-bothe.de/summer-dance-festival-17-18-august/;Beschreibung;Automat;;Es ist uns eine Ehre, 70 Jahre Tanz, Gemeinschaft und Tradition zu feiern. Highlight wird das SUMMER DANCE FESTIVAL am 17./18.
4;sonstige Seite;https://www.tanzschule-bothe.de/summer-dance-festival-17-18-august/;Titel;Automat;"Tanzschule Familie Bothe | SUMMER DANCE FESTIVAL &#8211; 17. &#038; 18. August";"SUMMER DANCE FESTIVAL &#8211; 17. &#038; 18. August in Hanno"
4;sonstige Seite;https://www.tanzschule-bothe.de/tanz-in-den-mai-2025/;Beschreibung;Automat;;Tanz in den Mai für Tänzer der Bothe-Family! Mit großer Haupttanzfläche, eigenem Disco-Bereich und Special-Tanzfläche mit wechselndem Tanzangebot feiern …
4;sonstige Seite;https://www.tanzschule-bothe.de/tanz-in-den-mai-2025/;Titel;Automat;Tanzschule Familie Bothe | Tanz in den Mai 2025;Tanz in den Mai 2025 in Hannover | Tanzschule Bothe
4;sonstige Seite;https://www.tanzschule-bothe.de/tanz-in-den-mai-2026/;Beschreibung;Automat;;Tanz in den Mai für Tänzer der Bothe-Family am 30. April im TANZHAUS HANNOVER!
4;sonstige Seite;https://www.tanzschule-bothe.de/tanz-in-den-mai-2026/;Titel;Automat;Tanzschule Familie Bothe | Tanz in den Mai 2026;Tanz in den Mai 2026 in Hannover | Tanzschule Bothe
4;sonstige Seite;https://www.tanzschule-bothe.de/tanz-tee-und-toertchen-60/;Beschreibung;Automat;;Der zweite Tanz, Tee & Törtchen-Tag findet in diesem Jahr am Sonntag, 07.
4;sonstige Seite;https://www.tanzschule-bothe.de/tanz-tee-und-toertchen-60/;Titel;Automat;Tanzschule Familie Bothe | Tanz, Tee und Törtchen 60+;Tanz, Tee und Törtchen 60+ in Hannover | Tanzschule Bothe
4;sonstige Seite;https://www.tanzschule-bothe.de/tanzfreie-tage-im-mai-juni-2025/;Beschreibung;Automat;;Tanzfreie Tage im Mai/Juni 2025: An diesen Tagen finden in allen Tanzhäusern keine Kurse statt. Wir wünschen euch schöne und entspannte Feiertage!
4;sonstige Seite;https://www.tanzschule-bothe.de/tanzfreie-tage-im-mai-juni-2025/;Titel;Automat;Tanzschule Familie Bothe | Tanzfreie Tage im Mai/Juni 2025;Tanzfreie Tage im Mai/Juni 2025 in Hannover | Tanzschule Bot
4;sonstige Seite;https://www.tanzschule-bothe.de/tanzfreie-tage/;Beschreibung;Automat;;an folgenden Tagen im April/Mai 2024 finden in all unseren Tanzhäusern keine Kurse statt: Wir wünschen euch schöne und entspannte Feiertage!
4;sonstige Seite;https://www.tanzschule-bothe.de/tanzfreie-tage/;Titel;Automat;Tanzschule Familie Bothe | Tanzfreie Tage im April/Mai 2024;Tanzfreie Tage im April/Mai 2024 in Hannover | Tanzschule Bo
4;sonstige Seite;https://www.tanzschule-bothe.de/tanzschulferien-herbst-2025/;Beschreibung;Automat;;Kids, Schüler und Hip Hop & Co.: finden in allen Tanzhäusern keine Tanzkurse statt!
4;sonstige Seite;https://www.tanzschule-bothe.de/tanzschulferien-herbst-2025/;Titel;Automat;Tanzschule Familie Bothe | Tanzschulferien Herbst 2025;Tanzschulferien Herbst 2025 in Hannover | Tanzschule Bothe
4;sonstige Seite;https://www.tanzschule-bothe.de/tanzschulferien-und-sommerferienprogramm-2025/;Beschreibung;Automat;;Die Sommerferien stehen vor der Tür – In diesem Zeitraum gelten bei uns angepasste Ferienzeiten: Paartanz und Dance & Fitness: Schülertanzkurse und …
4;sonstige Seite;https://www.tanzschule-bothe.de/tanzschulferien-und-sommerferienprogramm-2025/;Titel;Automat;Tanzschule Familie Bothe | Tanzschulferien und Sommerferienprogramm 2025;Tanzschulferien und Sommerferienprogramm 2025 in Hannover | 
4;sonstige Seite;https://www.tanzschule-bothe.de/tanzschulferien-weihnachten-2025/;Beschreibung;Automat;;auch wir gehen in die Weihnachtsferien. Tanzpause für Paare, Dance&Fitness, Kids, Schüler und HipHop & Co.: Kostenlose Glückswoche 2026 Erfolgreiches …
4;sonstige Seite;https://www.tanzschule-bothe.de/tanzschulferien-weihnachten-2025/;Titel;Automat;Tanzschule Familie Bothe | Tanzschulferien Weihnachten 2025;Tanzschulferien Weihnachten 2025 in Hannover | Tanzschule Bo
4;sonstige Seite;https://www.tanzschule-bothe.de/the-prospect-goes-vibe-2025/;Beschreibung;Automat;;Bei der VIBE Dance Competition in Los Angeles am 3. März hat „The Prospect“ eine unglaubliche Performance hingelegt und konnte den zweiten Platz in der …
4;sonstige Seite;https://www.tanzschule-bothe.de/the-prospect-goes-vibe-2025/;Titel;Automat;Tanzschule Familie Bothe | The Prospect tanzt an die Weltspitze;The Prospect tanzt an die Weltspitze in Hannover | Tanzschul
4;sonstige Seite;https://www.tanzschule-bothe.de/veranstaltungsort/meiers-lebenslust/;Beschreibung;Automat;;https://www.meiers-lebenslust.de Veranstaltungen at this veranstaltungsort Exportiere Outlook .ics Datei
4;sonstige Seite;https://www.tanzschule-bothe.de/veranstaltungsort/meiers-lebenslust/;Titel;Automat;Tanzschule Familie Bothe | Meiers Lebenslust;Meiers Lebenslust in Hannover | Tanzschule Bothe
4;sonstige Seite;https://www.tanzschule-bothe.de/volare-oh-oh/;Beschreibung;Automat;;Zwei glamouröse Nächte im Opernhaus! Der Opernball Hannover mit dem Motto „Volare“ wurde mit 80 Debütantinnen und Debütanten unter der Leitung von Julia …
4;sonstige Seite;https://www.tanzschule-bothe.de/volare-oh-oh/;Titel;Automat;Tanzschule Familie Bothe | VOLARE OH, OH!;Volare Oh, Oh! in Hannover | Tanzschule Bothe
4;sonstige Seite;https://www.tanzschule-bothe.de/white-meets-neon-schueler-disco/;Beschreibung;Automat;;September erwartet euch eine Schüler-Party voller Beats, Schwarzlicht und leuchtender Outfits.
4;sonstige Seite;https://www.tanzschule-bothe.de/white-meets-neon-schueler-disco/;Titel;Automat;Tanzschule Familie Bothe | WHITE MEETS NEON | Schüler-Disco;WHITE MEETS NEON | Schüler-Disco in Hannover | Tanzschule Bo
4;sonstige Seite;https://www.tanzschule-bothe.de/winfriedbothe/;Beschreibung;Automat;;Geschwister Winfried und Marlies Bothe: Europas jüngstes Tanzpaar 1945 Januar 2026 ist unser Firmengründer Winfried Bothe im Alter von 91 Jahren friedlich …
4;sonstige Seite;https://www.tanzschule-bothe.de/winfriedbothe/;Titel;Automat;Tanzschule Familie Bothe | Nachruf Winfried Bothe;In Erinnerung an Winfried Bothe in Hannover | Tanzschule Bot
4;sonstige Seite;https://www.tanzschule-bothe.de/winter-galaball-2025/;Beschreibung;Automat;;Das Hannoversche Tanz-Highlight des Jahres im HCC Wir sind glücklich, mit Ihnen am 06. Dezember 2025 den WINTER-GALABALL im Kuppelsaal des HCC zu feiern.
4;sonstige Seite;https://www.tanzschule-bothe.de/winter-galaball-2025/;Titel;Automat;Tanzschule Familie Bothe | WINTER-GALABALL 2025;Winter-Galaball 2025 in Hannover | Tanzschule Bothe
4;sonstige Seite;https://www.tanzschule-bothe.de/360-tour-durch-das-tanzhaus-hannover/;Beschreibung;Automat;;Ein neuer Einblick ins TANZHAUS HANNOVER: hier geht es zum virtuellen Rundgang durch die Loungebereiche und den Tanzsälen.
4;sonstige Seite;https://www.tanzschule-bothe.de/360-tour-durch-das-tanzhaus-hannover/;Titel;Automat;Tanzschule Familie Bothe | 360° Tour durch das TANZHAUS HANNOVER;360° Tour durch das TANZHAUS HANNOVER in Hannover | Tanzschu
4;sonstige Seite;https://www.tanzschule-bothe.de/__stickies/;Titel;Automat;Tanzschule Familie Bothe | __stickies;__stickies in Hannover | Tanzschule Bothe
4;sonstige Seite;https://www.tanzschule-bothe.de/bothe-event/;Titel;Automat;Tanzschule Familie Bothe | Bothe-Event;Bothe-Event in Hannover | Tanzschule Bothe
4;sonstige Seite;https://www.tanzschule-bothe.de/galanight/;Beschreibung;Automat;;Die GALA NIGHT HANNOVER 2022 geht in die zweite Runde. Wir sind glücklich, mit Ihnen am 17.
4;sonstige Seite;https://www.tanzschule-bothe.de/galanight/;Titel;Automat;Tanzschule Familie Bothe | Gala Night Hannover;Gala Night Hannover in Hannover | Tanzschule Bothe
4;sonstige Seite;https://www.tanzschule-bothe.de/hannover-tanzt-am-see/;Beschreibung;Automat;;Maschseefest 2025 – und wir waren mit dabei! In diesem Jahr waren wir gemeinsam mit Tanzschule Susanne Bothe ein Teil des NP-Sommerfestivals auf dem …
4;sonstige Seite;https://www.tanzschule-bothe.de/hannover-tanzt-am-see/;Titel;Automat;Tanzschule Familie Bothe | Hannover tanzt(e) am See;Hannover tanzt(e) am See in Hannover | Tanzschule Bothe
4;sonstige Seite;https://www.tanzschule-bothe.de/jetzt/;Titel;Automat;Tanzschule Familie Bothe | Maschseefest;Maschseefest in Hannover | Tanzschule Bothe
4;sonstige Seite;https://www.tanzschule-bothe.de/news-burgwedel/;Beschreibung;Automat;;23.06.2026 Du bist zwischen 8 und 15 Jahre alt, hast Lust auf neue Moves, coole Workshops und jede Menge Tanz-Action? Dann sei dabei bei unserem Dance &...
4;sonstige Seite;https://www.tanzschule-bothe.de/news-burgwedel/;Titel;Automat;Tanzschule Familie Bothe | 140 News Burgwedel;News / Blog in Hannover | Tanzschule Bothe
4;sonstige Seite;https://www.tanzschule-bothe.de/spende-an-kleine-herzen-hannover-e-v/;Beschreibung;Automat;;Dezember hat Oliver Bothe den Spendencheck über € 2.300 an Frau Thorsting vom Verein „Kleine Herzen Hannover e.V.“ an der Medizinischen Hochschule …
4;sonstige Seite;https://www.tanzschule-bothe.de/spende-an-kleine-herzen-hannover-e-v/;Titel;Automat;"Tanzschule Familie Bothe | Spende an &#8222;Kleine Herzen Hannover e.V.&#8220;";"Spende an &#8222;Kleine Herzen Hannover e.V.&#8220; in Hanno"
4;sonstige Seite;https://www.tanzschule-bothe.de/tanzen-mit-mehrwert-in-hannover/;Beschreibung;Automat;;Jetzt reinschauen (ab Seite 38) und entdecken, was hinter Tanzen mit Mehrwert steckt. Kostenlose Glückswoche 2026 Erfolgreiches HipHop-Wochenende
4;sonstige Seite;https://www.tanzschule-bothe.de/tanzen-mit-mehrwert-in-hannover/;Titel;Automat;Tanzschule Familie Bothe | TANZEN MIT MEHRWERT IN HANNOVER;Tanzen Mit Mehrwert In Hannover in Hannover | Tanzschule Bot
4;sonstige Seite;https://www.tanzschule-bothe.de/veranstalter/ticketing/;Beschreibung;Automat;;Wir freuen uns, unsere neuen Bothe-Schüler mit der Welcome Party willkommen zu heißen!
4;sonstige Seite;https://www.tanzschule-bothe.de/veranstalter/ticketing/;Titel;Automat;Tanzschule Familie Bothe | Bothe Event GmbH;Bothe Event GmbH in Hannover | Tanzschule Bothe
4;sonstige Seite;https://www.tanzschule-bothe.de/veranstaltungsort/alle-drei-tanzhaeuser/;Beschreibung;Automat;;Unser vielfältiges Tanzprogramm für Paare bietet für jeden das passende Angebot: vom Standard- und Latein-Bereich über Specials und Trendtänze wie …
4;sonstige Seite;https://www.tanzschule-bothe.de/veranstaltungsort/alle-drei-tanzhaeuser/;Titel;Automat;Tanzschule Familie Bothe | Alle drei Tanzhäuser;Alle drei Tanzhäuser in Hannover | Tanzschule Bothe
4;sonstige Seite;https://www.tanzschule-bothe.de/veranstaltungsort/kuppelsaal-hcc-hannover/;Beschreibung;Automat;;Feierlicher Junioren Galaball für unsere Schülerinnen und Schüler der Januar-Saison 2026.
4;sonstige Seite;https://www.tanzschule-bothe.de/veranstaltungsort/kuppelsaal-hcc-hannover/;Titel;Automat;Tanzschule Familie Bothe | Kuppelsaal / HCC;Kuppelsaal / HCC in Hannover | Tanzschule Bothe
4;sonstige Seite;https://www.tanzschule-bothe.de/veranstaltungsort/tanzvilla-waldersee/;Beschreibung;Automat;;Wir freuen uns, unsere neuen Bothe-Schüler mit der Welcome Party willkommen zu heißen!
4;sonstige Seite;https://www.tanzschule-bothe.de/veranstaltungsort/tanzvilla-waldersee/;Titel;Automat;Tanzschule Familie Bothe | TANZVILLA WALDERSEE;Tanzvilla Waldersee in Hannover | Tanzschule Bothe
4;sonstige Seite;https://www.tanzschule-bothe.de/botheconnect/;Titel;Automat;Tanzschule Familie Bothe | Friday Night Connect;Friday Night Connect in Hannover | Tanzschule Bothe
4;sonstige Seite;https://www.tanzschule-bothe.de/events_xxx/;Titel;Automat;Tanzschule Familie Bothe | Events_xxx;Events_xxx in Hannover | Tanzschule Bothe
4;sonstige Seite;https://www.tanzschule-bothe.de/veranstaltungsort/tanzhaus-burgwedel/;Beschreibung;Automat;;Unser legendärer Tanz in den Advent im TANZHAUS BURGWEDEL. Mehr Informationen folgen!
4;sonstige Seite;https://www.tanzschule-bothe.de/veranstaltungsort/tanzhaus-burgwedel/;Titel;Automat;Tanzschule Familie Bothe | TANZHAUS BURGWEDEL;Tanzhaus Burgwedel in Hannover | Tanzschule Bothe
4;sonstige Seite;https://www.tanzschule-bothe.de/veranstaltungsort/tanzhaus-hannover/;Beschreibung;Automat;;Unsere FRIDAY NIGHT PARTY im TANZHAUS HANNOVER! Eintritt für Bothe-Member frei.
4;sonstige Seite;https://www.tanzschule-bothe.de/veranstaltungsort/tanzhaus-hannover/;Titel;Automat;Tanzschule Familie Bothe | TANZHAUS HANNOVER;Tanzhaus Hannover in Hannover | Tanzschule Bothe
4;sonstige Seite;https://www.tanzschule-bothe.de/divi_mega_pro/angebotsfinder-hannover/;Titel;Automat;Tanzschule Familie Bothe | Angebotsfinder Hannover;Angebotsfinder Hannover in Hannover | Tanzschule Bothe
4;sonstige Seite;https://www.tanzschule-bothe.de/divi_mega_pro/kat-erw-paare/;Titel;Automat;Tanzschule Familie Bothe | KAT-ERW-PAARE;Kat-Erw-Paare in Hannover | Tanzschule Bothe
4;sonstige Seite;https://www.tanzschule-bothe.de/divi_mega_pro/mega-menu/;Titel;Automat;Tanzschule Familie Bothe | MEGA-MENU;Mega-Menu in Hannover | Tanzschule Bothe
4;sonstige Seite;https://www.tanzschule-bothe.de/junioren-galaball/;Titel;Automat;Tanzschule Familie Bothe | Junioren-Galaball;Junioren-Galaball in Hannover | Tanzschule Bothe
4;sonstige Seite;https://www.tanzschule-bothe.de/schlossfest-2026/;Titel;Automat;Tanzschule Familie Bothe | Schlossfest 2026;Schlossfest 2026 in Hannover | Tanzschule Bothe
4;sonstige Seite;https://www.tanzschule-bothe.de/series/friday-night-party/;Titel;Automat;Tanzschule Familie Bothe | FRIDAY NIGHT PARTY;Friday Night Party in Hannover | Tanzschule Bothe
4;sonstige Seite;https://www.tanzschule-bothe.de/series/schueler-disco/;Titel;Automat;Tanzschule Familie Bothe | Schüler-Disco;Schüler-Disco in Hannover | Tanzschule Bothe
4;sonstige Seite;https://www.tanzschule-bothe.de/vertragsbeendigung/;Titel;Automat;Tanzschule Familie Bothe | Vertragsbeendigung;Vertrag beenden in Hannover | Tanzschule Bothe
4;sonstige Seite;https://www.tanzschule-bothe.de/widerruf/;Titel;Automat;Tanzschule Familie Bothe | Vertragsbeendigung;Vertrag widerrufen in Hannover | Tanzschule Bothe
4;sonstige Seite;https://www.tanzschule-bothe.de/_style/;aus dem Index nehmen;Automat;Tanzschule Familie Bothe | _style;"Status 410 oder <meta name=""robots"" content=""noindex"">"
4;sonstige Seite;https://www.tanzschule-bothe.de/dd/;aus dem Index nehmen;Automat;Tanzschule Familie Bothe | Dongsineu;"Status 410 oder <meta name=""robots"" content=""noindex"">"
4;sonstige Seite;https://www.tanzschule-bothe.de/gw/;aus dem Index nehmen;Automat;Tanzschule Familie Bothe - Glückswoche;"Status 410 oder <meta name=""robots"" content=""noindex"">"
4;sonstige Seite;https://www.tanzschule-bothe.de/hanoover-tanzt-das-magazin-der-tanzschule/;Titel;Automat;Tanzschule Familie Bothe | HANNOVER TANZT! Das Magazin der Tanzschule;HANNOVER TANZT! Das Magazin der Tanzschule in Hannover | Tan
4;sonstige Seite;https://www.tanzschule-bothe.de/series/friday-night-party-2/;Titel;Automat;Tanzschule Familie Bothe | FRIDAY NIGHT PARTY;Friday Night Party in Hannover | Tanzschule Bothe
4;sonstige Seite;https://www.tanzschule-bothe.de/testab12/;aus dem Index nehmen;Automat;Tanzschule Familie Bothe - Tanzangebot Erwachsene Paartanz;"Status 410 oder <meta name=""robots"" content=""noindex"">"
4;sonstige Seite;https://www.tanzschule-bothe.de/type/gallery/;Beschreibung;Automat;Galerien;Opernball 2024 – „LET THE SUNSHINE IN“ Der Opernball Hannover findet seit über 25 Jahren unter einem jährlich wechselnden Motto in der Staatsoper Hannover …
4;sonstige Seite;https://www.tanzschule-bothe.de/type/gallery/;Titel;Automat;Galerie | Tanzschule Familie Bothe;Galerie | Tanzschule Familie Bothe in Hannover | Tanzschule 
4;sonstige Seite;https://www.tanzschule-bothe.de/voting/;aus dem Index nehmen;Automat;Tanzschule Familie Bothe | Voting;"Status 410 oder <meta name=""robots"" content=""noindex"">"
4;sonstige Seite;https://www.tanzschule-bothe.de/xxx_start2/;aus dem Index nehmen;Automat;Tanzschule Familie Bothe | XXX_Start2;"Status 410 oder <meta name=""robots"" content=""noindex"">"
4;sonstige Seite;https://www.tanzschule-bothe.de/_blog/;aus dem Index nehmen;Automat;Tanzschule Familie Bothe | _blog;"Status 410 oder <meta name=""robots"" content=""noindex"">"
4;sonstige Seite;https://www.tanzschule-bothe.de/_links/;aus dem Index nehmen;Automat;Tanzschule Familie Bothe | _links;"Status 410 oder <meta name=""robots"" content=""noindex"">"
4;sonstige Seite;https://www.tanzschule-bothe.de/_menufinder/;aus dem Index nehmen;Automat;Tanzschule Familie Bothe | _menufinder;"Status 410 oder <meta name=""robots"" content=""noindex"">"
4;sonstige Seite;https://www.tanzschule-bothe.de/events/;Beschreibung;Automat;"Archiv: &lt;span&gt;Veranstaltungen&lt;/span&gt;";August 2026 WELCOME PARTY – August-Saison 26-2 WELCOME PARTY – August-Saison 26-2 22.08.2026 TANZVILLA WALDERSEE Schüler-Party ab 14 Jahre Schülerevents …
4;sonstige Seite;https://www.tanzschule-bothe.de/events/;Titel;Automat;"Veranstaltungen von 12.02.2022 &#8211; 15.05.2022 &#8211; Tanzschule Familie Bothe";Events in Hannover | Tanzschule Bothe
4;sonstige Seite;https://www.tanzschule-bothe.de/slider/;aus dem Index nehmen;Automat;Tanzschule Familie Bothe | slider;"Status 410 oder <meta name=""robots"" content=""noindex"">"
4;sonstige Seite;https://www.tanzschule-bothe.de/test/;aus dem Index nehmen;Automat;Tanzschule Familie Bothe | Test;"Status 410 oder <meta name=""robots"" content=""noindex"">"
4;sonstige Seite;https://www.tanzschule-bothe.de/testseite/;aus dem Index nehmen;Automat;Tanzschule Familie Bothe | 222 Testseite;"Status 410 oder <meta name=""robots"" content=""noindex"">"
4;sonstige Seite;https://www.tanzschule-bothe.de/events/kategorie/ball/;Beschreibung;Automat;"Archiv: &lt;span&gt;Veranstaltungen&lt;/span&gt;";Wir sind glücklich, mit Ihnen am 05. Dezember 2026 den WINTER-GALABALL 2026 im Kuppelsaal des HCC zu feiern.
4;sonstige Seite;https://www.tanzschule-bothe.de/events/kategorie/ball/;Titel;Automat;"Veranstaltungen von 12.02.2022 &#8211; 15.05.2022 &#8250; Ball &#8250; &#8211; Tanzschule Familie Bothe";Ball in Hannover | Tanzschule Bothe
4;sonstige Seite;https://www.tanzschule-bothe.de/events/kategorie/ball/gala-night/;Beschreibung;Automat;"Archiv: &lt;span&gt;Veranstaltungen&lt;/span&gt;";Wir sind glücklich, mit Ihnen am 05. Dezember 2026 den WINTER-GALABALL 2026 im Kuppelsaal des HCC zu feiern.
4;sonstige Seite;https://www.tanzschule-bothe.de/events/kategorie/ball/gala-night/;Titel;Automat;"Veranstaltungen von 12.02.2022 &#8211; 15.05.2022 &#8250; Ball &#8250; Gala Night &#8250; &#8211; Tanzschule Familie Bothe";Gala Night in Hannover | Tanzschule Bothe
4;sonstige Seite;https://www.tanzschule-bothe.de/events/kategorie/kids-2/;Beschreibung;Automat;"Archiv: &lt;span&gt;Veranstaltungen&lt;/span&gt;";Weitere Informationen erhalten die Kids per Flyer im Tanzunterricht!
4;sonstige Seite;https://www.tanzschule-bothe.de/events/kategorie/kids-2/;Titel;Automat;"Veranstaltungen von 12.02.2022 &#8211; 15.05.2022 &#8250; Kids &#8250; &#8211; Tanzschule Familie Bothe";Kids in Hannover | Tanzschule Bothe
4;sonstige Seite;https://www.tanzschule-bothe.de/events/kategorie/kurse/;Beschreibung;Automat;"Archiv: &lt;span&gt;Veranstaltungen&lt;/span&gt;";Unser vielfältiges Tanzprogramm für Paare bietet für jeden das passende Angebot: vom Standard- und Latein-Bereich über Specials und Trendtänze wie …
4;sonstige Seite;https://www.tanzschule-bothe.de/events/kategorie/kurse/;Titel;Automat;"Veranstaltungen von 12.02.2022 &#8211; 15.05.2022 &#8250; Kurse &#8250; &#8211; Tanzschule Familie Bothe";Kurse in Hannover | Tanzschule Bothe
4;sonstige Seite;https://www.tanzschule-bothe.de/events/kategorie/kurse/paarkurse/;Beschreibung;Automat;"Archiv: &lt;span&gt;Veranstaltungen&lt;/span&gt;";Unser vielfältiges Tanzprogramm für Paare bietet für jeden das passende Angebot: vom Standard- und Latein-Bereich über Specials und Trendtänze wie …
4;sonstige Seite;https://www.tanzschule-bothe.de/events/kategorie/kurse/paarkurse/;Titel;Automat;"Veranstaltungen von 12.02.2022 &#8211; 15.05.2022 &#8250; Kurse &#8250; Paarkurse &#8250; &#8211; Tanzschule Familie Bothe";Paarkurse in Hannover | Tanzschule Bothe
4;sonstige Seite;https://www.tanzschule-bothe.de/events/kategorie/party/;Beschreibung;Automat;"Archiv: &lt;span&gt;Veranstaltungen&lt;/span&gt;";Unsere FRIDAY NIGHT PARTY im TANZHAUS HANNOVER! Eintritt für Bothe-Member frei.
4;sonstige Seite;https://www.tanzschule-bothe.de/events/kategorie/party/;Titel;Automat;"Veranstaltungen von 12.02.2022 &#8211; 15.05.2022 &#8250; Party &#8250; &#8211; Tanzschule Familie Bothe";Party in Hannover | Tanzschule Bothe
4;sonstige Seite;https://www.tanzschule-bothe.de/events/kategorie/party/erwachsene/;Beschreibung;Automat;"Archiv: &lt;span&gt;Veranstaltungen&lt;/span&gt;";Unsere FRIDAY NIGHT PARTY im TANZHAUS HANNOVER! Eintritt für Bothe-Member frei.
4;sonstige Seite;https://www.tanzschule-bothe.de/events/kategorie/party/erwachsene/;Titel;Automat;"Veranstaltungen von 12.02.2022 &#8211; 15.05.2022 &#8250; Party &#8250; Erwachsene &#8250; &#8211; Tanzschule Familie Bothe";Erwachsene in Hannover | Tanzschule Bothe
4;sonstige Seite;https://www.tanzschule-bothe.de/events/kategorie/schuelerevents/;Beschreibung;Automat;"Archiv: &lt;span&gt;Veranstaltungen&lt;/span&gt;";Wir freuen uns, unsere neuen Bothe-Schüler mit der Welcome Party willkommen zu heißen!
4;sonstige Seite;https://www.tanzschule-bothe.de/events/kategorie/schuelerevents/;Titel;Automat;"Veranstaltungen von 12.02.2022 &#8211; 15.05.2022 &#8250; Schülerevents ab 14 Jahre &#8250; &#8211; Tanzschule Familie Bothe";Schülerevents ab 14 Jahre in Hannover | Tanzschule Bothe
4;sonstige Seite;https://www.tanzschule-bothe.de/events/kategorie/schuelerevents/schueler-party/;Beschreibung;Automat;"Archiv: &lt;span&gt;Veranstaltungen&lt;/span&gt;";Wir freuen uns, unsere neuen Bothe-Schüler mit der Welcome Party willkommen zu heißen!
4;sonstige Seite;https://www.tanzschule-bothe.de/events/kategorie/schuelerevents/schueler-party/;Titel;Automat;"Veranstaltungen von 12.02.2022 &#8211; 15.05.2022 &#8250; Schülerevents ab 14 Jahre &#8250; Schüler-Party ab 14 Jahre &#8250; &#8211; Tanzschule Familie Bothe";Schüler-Party ab 14 Jahre in Hannover | Tanzschule Bothe
4;sonstige Seite;https://www.tanzschule-bothe.de/events/kategorie/schuelerevents/schueler/;Beschreibung;Automat;"Archiv: &lt;span&gt;Veranstaltungen&lt;/span&gt;";Feierlicher Junioren Galaball für unsere Schülerinnen und Schüler der Januar-Saison 2026.
4;sonstige Seite;https://www.tanzschule-bothe.de/events/kategorie/schuelerevents/schueler/;Titel;Automat;"Veranstaltungen von 12.02.2022 &#8211; 15.05.2022 &#8250; Schülerevents ab 14 Jahre &#8250; Junioren-Galaball &#8250; &#8211; Tanzschule Familie Bothe";Junioren-Galaball in Hannover | Tanzschule Bothe
4;sonstige Seite;https://www.tanzschule-bothe.de/events/kategorie/schuelerevents/umgangsformenseminar/;Beschreibung;Automat;"Archiv: &lt;span&gt;Veranstaltungen&lt;/span&gt;";Freu dich auf ein aufschlussreiches Seminar für aktuelle Etikette & Umgangsformen mit den entsprechenden „NO GO´s“ unseres Anti-Blamierprogramms.
4;sonstige Seite;https://www.tanzschule-bothe.de/events/kategorie/schuelerevents/umgangsformenseminar/;Titel;Automat;"Veranstaltungen von 12.02.2022 &#8211; 15.05.2022 &#8250; Schülerevents ab 14 Jahre &#8250; Umgangsformenseminar &#8250; &#8211; Tanzschule Familie Bothe";Umgangsformenseminar in Hannover | Tanzschule Bothe
4;sonstige Seite;https://www.tanzschule-bothe.de/events/kategorie/hip-hop/;Titel;Automat;"Veranstaltungen von 12.02.2022 &#8211; 15.05.2022 &#8250; Hip Hop &#8250; &#8211; Tanzschule Familie Bothe";Hip Hop in Hannover | Tanzschule Bothe
4;sonstige Seite;https://www.tanzschule-bothe.de/events/kategorie/party/kids/;Titel;Automat;"Veranstaltungen von 12.02.2022 &#8211; 15.05.2022 &#8250; Party &#8250; Kids &#8250; &#8211; Tanzschule Familie Bothe";Kids in Hannover | Tanzschule Bothe
4;sonstige Seite;https://www.tanzschule-bothe.de/events/kategorie/schuelerevents/schuelerkurse/;Titel;Automat;"Veranstaltungen von 12.02.2022 &#8211; 15.05.2022 &#8250; Schülerevents ab 14 Jahre &#8250; Schülerkurse &#8250; &#8211; Tanzschule Familie Bothe";Schülerkurse in Hannover | Tanzschule Bothe
5;Beitrag aus einem Vorjahr;https://www.tanzschule-bothe.de/bws2023/;Beschreibung;Automat;;20% auf eine Kursbuchung Paare Einsteiger (Januar-Saison) 20% auf die ersten drei Monate einer 3 oder 12 Monatsbuchung Paartanz oder Specials …
5;Beitrag aus einem Vorjahr;https://www.tanzschule-bothe.de/bws2023/;Titel;Automat;Tanzschule Familie Bothe | BlackWeekend2023-Sie;ADTV-Tanzschulen Familie Bothe in Burgwedel | Tanzschule Bot
5;Beitrag aus einem Vorjahr;https://www.tanzschule-bothe.de/bwx2023/;Beschreibung;Automat;;20% auf eine Schnupperkarte oder einen Schnuppermonat für Erwachsene im Solotanzbereich Der Rabatt gilt nur für Neukunden und wird nach der Anmeldung …
5;Beitrag aus einem Vorjahr;https://www.tanzschule-bothe.de/bwx2023/;Titel;Automat;Tanzschule Familie Bothe | BlackWeekend2023-Solo;ADTV-Tanzschulen Familie Bothe in Burgwedel | Tanzschule Bot
5;Archiv oder Galerie;https://www.tanzschule-bothe.de/galerie/;Beschreibung;Automat;;Hier ist nur eine kleine Auswahl unserer Videos, denn es hat in den letzten Jahre unzählige Videos gegeben.
5;Archiv oder Galerie;https://www.tanzschule-bothe.de/galerie/;Titel;Automat;Tanzschulen Familie Bothe - Galerie;Galerie in Hannover | Tanzschule Bothe
5;Beitrag aus einem Vorjahr;https://www.tanzschule-bothe.de/winter-galaball-09-12-2023/;Beschreibung;Automat;;Das Hannoversche Tanz-Highlight des Jahres im HCC Wir freuen uns sehr, Sie zu unserem Winter-Galaball im Jahr 2023 begrüßen zu dürfen – ein gemeinsames …
5;Beitrag aus einem Vorjahr;https://www.tanzschule-bothe.de/winter-galaball-09-12-2023/;Titel;Automat;Tanzschule Familie Bothe | Winter Galaball 09.12.2023;Winter Galaball 09.12.2023 in Hannover | Tanzschule Bothe
5;Beitrag aus einem Vorjahr;https://www.tanzschule-bothe.de/bwr2023/;Beschreibung;Automat;;20% auf eine Kursbuchung Paare Einsteiger (Januar-Saison) 20% auf die ersten drei Monate einer 3 oder 12 Monatsbuchung Paartanz oder Specials …
5;Beitrag aus einem Vorjahr;https://www.tanzschule-bothe.de/bwr2023/;Titel;Automat;Tanzschule Familie Bothe | BlackWeekend2023-Er;ADTV-Tanzschulen Familie Bothe in Burgwedel | Tanzschule Bot
5;Beitrag aus einem Vorjahr;https://www.tanzschule-bothe.de/european-masters-of-dance-2023/;Beschreibung;Automat;;Unsere Kids Masterclass die Lil´ People belegten bei der EUROPEAN MASTERS OF DANCE Meisterschaft am 22.
5;Beitrag aus einem Vorjahr;https://www.tanzschule-bothe.de/european-masters-of-dance-2023/;Titel;Automat;Tanzschule Familie Bothe | EUROPEAN MASTERS OF DANCE 2023;European Masters Of Dance 2023 in Hannover | Tanzschule Both
5;Beitrag aus einem Vorjahr;https://www.tanzschule-bothe.de/open-dance-day-am-14-01-2024/;Beschreibung;Automat;;Januar, bieten wir von 11.00 – 17.00 Uhr bei unserem OPEN DANCE DAY, einem Tag der offenen Tür, im TANZHAUS HANNOVER zahlreiche Workshops und …
5;Beitrag aus einem Vorjahr;https://www.tanzschule-bothe.de/open-dance-day-am-14-01-2024/;Titel;Automat;Tanzschule Familie Bothe | OPEN DANCE DAY am 14.01.2024;OPEN DANCE DAY am 14.01.2024 in Hannover | Tanzschule Bothe
5;Beitrag aus einem Vorjahr;https://www.tanzschule-bothe.de/opernball-2023-besame-mucho/;Beschreibung;Automat;;Zwei glamouröse und heiße Nächte im Opernhaus! Der Opernball Hannover mit dem Motto „Besame mucho“ wurde mit 96 Debütantinnen und Debütanten unter der …
5;Beitrag aus einem Vorjahr;https://www.tanzschule-bothe.de/opernball-2023-besame-mucho/;Titel;Automat;"Tanzschule Familie Bothe | OPERNBALL 2023 &#8211; Bésame mucho";"OPERNBALL 2023 &#8211; Bésame mucho in Hannover | Tanzschule"
5;Beitrag aus einem Vorjahr;https://www.tanzschule-bothe.de/summercamp-2023-jetzt-anmelden-und-platz-sichern/;Beschreibung;Automat;;MUSIK AN – WELT AUS – TANZEN! bieten wir Kids im Alter von 6-11 Jahren ein SUMMER-DANCE-CAMP im TANZHAUS HANNOVER an.
5;Beitrag aus einem Vorjahr;https://www.tanzschule-bothe.de/summercamp-2023-jetzt-anmelden-und-platz-sichern/;Titel;Automat;Tanzschule Familie Bothe | Summercamp 2023: Jetzt anmelden und Platz sichern!;Summercamp 2023: Jetzt anmelden und Platz sichern! in Hannov
5;Beitrag aus einem Vorjahr;https://www.tanzschule-bothe.de/tanz-in-den-mai-2022/;Beschreibung;Automat;;Nach zwei Jahren Pause haben wir endlich wieder eine gelungene Hausparty mit Euch gefeiert!
5;Beitrag aus einem Vorjahr;https://www.tanzschule-bothe.de/tanz-in-den-mai-2022/;Titel;Automat;Tanzschule Familie Bothe | Tanz in den Mai 2022;Tanz in den Mai 2022 in Hannover | Tanzschule Bothe
5;Beitrag aus einem Vorjahr;https://www.tanzschule-bothe.de/winter-galaball-2023-es-war-uns-ein-fest/;Beschreibung;Automat;;Beim WINTER GALABALL 2023 am Samstag 09. Dezember wurde viel getanzt, gefeiert und flaniert und das bis in den frühen Sonntagmorgen.
5;Beitrag aus einem Vorjahr;https://www.tanzschule-bothe.de/winter-galaball-2023-es-war-uns-ein-fest/;Titel;Automat;"Tanzschule Familie Bothe | Winter Galaball 2023 &#8211; Es war (uns) ein Fest";"Winter Galaball 2023 &#8211; Es war (uns) ein Fest in Hannov"
5;Beitrag aus einem Vorjahr;https://www.tanzschule-bothe.de/winter-galaball-2024/;Beschreibung;Automat;;Das Hannoversche Tanz-Highlight des Jahres im HCC Das Highlight des Winter-Galaballs 2024 waren die Let‘s Dance-Stars Patricija und Alexandru Ionel, die …
5;Beitrag aus einem Vorjahr;https://www.tanzschule-bothe.de/winter-galaball-2024/;Titel;Automat;Tanzschule Familie Bothe | Winter-Galaball 2024;Winter-Galaball 2024 in Hannover | Tanzschule Bothe
5;Beitrag aus einem Vorjahr;https://www.tanzschule-bothe.de/wir-sind-stolz-adtv-sommerpruefungen-2023/;Beschreibung;Automat;;ADTV Sommerprüfungen in Hannover Alle Auszubildenden haben mit sehr guten Leistungen bestanden und hatten auch in Prüfungssituationen ab und zu richtig …
5;Beitrag aus einem Vorjahr;https://www.tanzschule-bothe.de/wir-sind-stolz-adtv-sommerpruefungen-2023/;Titel;Automat;Tanzschule Familie Bothe | Wir sind stolz! ADTV Sommerprüfungen 2023;Wir sind stolz! ADTV Sommerprüfungen 2023 in Hannover | Tanz
5;Archiv oder Galerie;https://www.tanzschule-bothe.de/coronahelden/;Beschreibung;Automat;;An alle #CoronaHelden da draußen, unter der Nummer 112 leistet Ihr rund um die Uhr Außergewöhnliches. Dafür möchten wir uns bei Euch ganz persönlich bedanken.
5;Archiv oder Galerie;https://www.tanzschule-bothe.de/coronahelden/;Titel;Automat;CORONAHELDEN - Wir sagen Danke;Coronahelden in Hannover | Tanzschule Bothe
5;Beitrag aus einem Vorjahr;https://www.tanzschule-bothe.de/galanight-hannover-18-12-2021/;Beschreibung;Automat;;Bei der GALA NIGHT HANNOVER 2022 am Samstag 17. Dezember wurde viel getanzt, gefeiert und flaniert und das bis in den frühen Sonntagmorgen.
5;Beitrag aus einem Vorjahr;https://www.tanzschule-bothe.de/galanight-hannover-18-12-2021/;Titel;Automat;"Tanzschule Familie Bothe | GALA NIGHT HANNOVER &#8211; es war (uns) ein Fest";"GALA NIGHT HANNOVER &#8211; es war (uns) ein Fest in Hannove"
5;Beitrag aus einem Vorjahr;https://www.tanzschule-bothe.de/galanight-hannover-2019/;Beschreibung;Automat;;Die Galanight-Hannover ist der krönende Abschluss des Jahres. Das Jubiläumsjahr zu 65-Jahre-Tanzschule-Bothe wurde groß im Kuppelsaal/HCC gefeiert.
5;Beitrag aus einem Vorjahr;https://www.tanzschule-bothe.de/galanight-hannover-2019/;Titel;Automat;Tanzschule Familie Bothe | GALANIGHT-HANNOVER;Galanight-Hannover in Hannover | Tanzschule Bothe
5;Beitrag aus einem Vorjahr;https://www.tanzschule-bothe.de/tanzhaus-hannover-am-fr-15-09-2023-geschlossen/;Beschreibung;Automat;;Am Freitag, 15.09.2023 finden im TANZHAUS HANNOVER keine Kurse statt!
5;Beitrag aus einem Vorjahr;https://www.tanzschule-bothe.de/tanzhaus-hannover-am-fr-15-09-2023-geschlossen/;Titel;Automat;Tanzschule Familie Bothe | Keine Kurse am 15. September im TANZHAUS HANNOVER;Keine Kurse am 15. September im TANZHAUS HANNOVER in Hannove
5;Archiv oder Galerie;https://www.tanzschule-bothe.de/bildergalerie-01/;Titel;Automat;Tanzschule Familie Bothe | Junioren Galaball im Kuppelsaal / HCC;Junioren Galaball im Kuppelsaal / HCC in Hannover | Tanzschu
5;Beitrag aus einem Vorjahr;https://www.tanzschule-bothe.de/ice-cream-challenge-2022-klon/;Titel;Automat;Tanzschule Familie Bothe | ICE CREAM CHALLENGE 2023;Ice Cream Challenge 2023 in Hannover | Tanzschule Bothe
5;Beitrag aus einem Vorjahr;https://www.tanzschule-bothe.de/ice-cream-challenge-2023-klon/;Titel;Automat;Tanzschule Familie Bothe | ICE CREAM CHALLENGE 2024;Ice Cream Challenge 2024 in Hannover | Tanzschule Bothe
5;Archiv oder Galerie;https://www.tanzschule-bothe.de/tag/bothe-app/;Beschreibung;Automat;"Schlagwort: &lt;span&gt;Bothe App&lt;/span&gt;";-Community ohne eine App laden zu müssen! Die schnellste Verbindung zur Tanzschule und das rund um die Uhr per PC/Laptop/Tablet & Smartphone .
5;Archiv oder Galerie;https://www.tanzschule-bothe.de/tag/bothe-app/;Titel;Automat;Bothe App | Tanzschule Familie Bothe;Bothe App | Tanzschule Familie Bothe in Hannover | Tanzschul
5;Archiv oder Galerie;https://www.tanzschule-bothe.de/tag/bothe/;Beschreibung;Automat;"Schlagwort: &lt;span&gt;Bothe&lt;/span&gt;";Kostenlose Glückswoche 2026 Von Sonntag, 30.08., bis Freitag, 04.09.2026, bieten wir wieder eine kostenlose Woche der offenen Tür in folgenden Bereichen …
5;Archiv oder Galerie;https://www.tanzschule-bothe.de/tag/bothe/;Titel;Automat;Bothe | Tanzschule Familie Bothe;Bothe | Tanzschule Familie Bothe in Hannover | Tanzschule Bo
5;Archiv oder Galerie;https://www.tanzschule-bothe.de/tag/bothetanzt/;Beschreibung;Automat;"Schlagwort: &lt;span&gt;bothetanzt&lt;/span&gt;";Neue Paartanzkurse ab Juni 2026 Unser vielfältiges Tanzprogramm für Paare bietet für jeden das passende Angebot: vom Standard- und Latein-Bereich über …
5;Archiv oder Galerie;https://www.tanzschule-bothe.de/tag/bothetanzt/;Titel;Automat;bothetanzt | Tanzschule Familie Bothe;bothetanzt | Tanzschule Familie Bothe in Hannover | Tanzschu
5;Archiv oder Galerie;https://www.tanzschule-bothe.de/tag/tanzschule-bothe/;Beschreibung;Automat;"Schlagwort: &lt;span&gt;Tanzschule Bothe&lt;/span&gt;";Kostenlose Glückswoche 2026 Von Sonntag, 30.08., bis Freitag, 04.09.2026, bieten wir wieder eine kostenlose Woche der offenen Tür in folgenden Bereichen …
5;Archiv oder Galerie;https://www.tanzschule-bothe.de/tag/tanzschule-bothe/;Titel;Automat;Tanzschule Bothe | Tanzschule Familie Bothe;Tanzschule Bothe | Tanzschule Familie Bothe in Hannover | Ta
5;Archiv oder Galerie;https://www.tanzschule-bothe.de/tag/tanzschule-familie-bothe/;Beschreibung;Automat;"Schlagwort: &lt;span&gt;Tanzschule Familie Bothe&lt;/span&gt;";MUSIK AN – WELT AUS – TANZEN! bieten wir Kids im Alter von 6-12 Jahren ein SUMMER-DANCE-CAMP im TANZHAUS HANNOVER an.
5;Archiv oder Galerie;https://www.tanzschule-bothe.de/tag/tanzschule-familie-bothe/;Titel;Automat;Tanzschule Familie Bothe | Tanzschule Familie Bothe;Tanzschule Familie Bothe in Hannover | Tanzschule Bothe
5;Archiv oder Galerie;https://www.tanzschule-bothe.de/tag/tanzschulen-familie-bothe/;Beschreibung;Automat;"Schlagwort: &lt;span&gt;Tanzschulen Familie Bothe&lt;/span&gt;";Neue Paartanzkurse ab Juni 2026 Unser vielfältiges Tanzprogramm für Paare bietet für jeden das passende Angebot: vom Standard- und Latein-Bereich über …
5;Archiv oder Galerie;https://www.tanzschule-bothe.de/tag/tanzschulen-familie-bothe/;Titel;Automat;Tanzschulen Familie Bothe | Tanzschule Familie Bothe;Tanzschule Familie Bothe in Hannover | Tanzschule Bothe
5;Archiv oder Galerie;https://www.tanzschule-bothe.de/tag/the-prospect/;Beschreibung;Automat;"Schlagwort: &lt;span&gt;The Prospect&lt;/span&gt;";Erfolgreiches Hip Hop Wochenende Am Wochenende fanden in Braunschweig in der Volkswagen Halle die FINALS der International Dance Competition statt.
5;Archiv oder Galerie;https://www.tanzschule-bothe.de/tag/the-prospect/;Titel;Automat;The Prospect | Tanzschule Familie Bothe;The Prospect | Tanzschule Familie Bothe in Hannover | Tanzsc
5;Archiv oder Galerie;https://www.tanzschule-bothe.de/author/derjasper/;Beschreibung;Automat;"Autor: &lt;span&gt;Jasper Kormann&lt;/span&gt;";50,00 EUR Gutschrift auf Dein Kundenkonto – werbe Freunde, die noch nie bei uns angemeldet waren – Solotanz (Hip Hop, Dance&Fitness, Kindertanz, etc.): € …
5;Archiv oder Galerie;https://www.tanzschule-bothe.de/author/derjasper/;Titel;Automat;Jasper Kormann | Tanzschule Familie Bothe;Jasper Kormann | Tanzschule Familie Bothe in Hannover | Tanz
5;Archiv oder Galerie;https://www.tanzschule-bothe.de/author/dieisabel/;Beschreibung;Automat;"Autor: &lt;span&gt;Isabel Ritter&lt;/span&gt;";Du bist zwischen 8 und 15 Jahre alt, hast Lust auf neue Moves, coole Workshops und jede Menge Tanz-Action?
5;Archiv oder Galerie;https://www.tanzschule-bothe.de/author/dieisabel/;Titel;Automat;Isabel Ritter | Tanzschule Familie Bothe;Isabel Ritter | Tanzschule Familie Bothe in Hannover | Tanzs
5;Archiv oder Galerie;https://www.tanzschule-bothe.de/author/ellibloch/;Beschreibung;Automat;"Autor: &lt;span&gt;Elli Bloch&lt;/span&gt;";In Erinnerung an Winfried Bothe Januar 2026 ist unser Firmengründer Winfried Bothe im Alter von 91 Jahren friedlich im Kreise seiner Familie eingeschlafen.
5;Archiv oder Galerie;https://www.tanzschule-bothe.de/author/ellibloch/;Titel;Automat;Elli Bloch | Tanzschule Familie Bothe;Elli Bloch | Tanzschule Familie Bothe in Hannover | Tanzschu
5;Archiv oder Galerie;https://www.tanzschule-bothe.de/bildergalerie-zwei/;Titel;Automat;Tanzschule Familie Bothe | Hauspartys im TANZHAUS HANNOVER;Hauspartys im TANZHAUS HANNOVER in Hannover | Tanzschule Bot
5;Archiv oder Galerie;https://www.tanzschule-bothe.de/category/bilder-galerie/;Beschreibung;Automat;"Kategorie: &lt;span&gt;Bilder-Galerie&lt;/span&gt;";06.05.2022 Nach zwei Jahren Pause haben wir endlich wieder eine gelungene Hausparty mit Euch gefeiert!
5;Archiv oder Galerie;https://www.tanzschule-bothe.de/category/bilder-galerie/;Titel;Automat;Bilder-Galerie | Tanzschule Familie Bothe;Bilder-Galerie | Tanzschule Familie Bothe in Hannover | Tanz
5;Archiv oder Galerie;https://www.tanzschule-bothe.de/category/jugendliche/;Beschreibung;Automat;"Kategorie: &lt;span&gt;Jugendliche&lt;/span&gt;";Pink & Black-Party für Schüler 25.09.2022 Feiere mit uns bei einer ultimativen Schülerparty wie Barbie und Ken mit dem Motto Pink & Black.
5;Archiv oder Galerie;https://www.tanzschule-bothe.de/category/jugendliche/;Titel;Automat;Jugendliche | Tanzschule Familie Bothe;Jugendliche | Tanzschule Familie Bothe in Hannover | Tanzsch
5;Archiv oder Galerie;https://www.tanzschule-bothe.de/category/locations/;Beschreibung;Automat;"Kategorie: &lt;span&gt;Locations&lt;/span&gt;";360° Tour durch das TANZHAUS HANNOVER 30.01.2020 Ein neuer Einblick ins TANZHAUS HANNOVER: hier geht es zum virtuellen Rundgang durch die Loungebereiche …
5;Archiv oder Galerie;https://www.tanzschule-bothe.de/category/locations/;Titel;Automat;Locations | Tanzschule Familie Bothe;Locations | Tanzschule Familie Bothe in Hannover | Tanzschul
5;Archiv oder Galerie;https://www.tanzschule-bothe.de/category/news/;Beschreibung;Automat;"Kategorie: &lt;span&gt;News&lt;/span&gt;";23.06.2026 Du bist zwischen 8 und 15 Jahre alt, hast Lust auf neue Moves, coole Workshops und jede Menge Tanz-Action?
5;Archiv oder Galerie;https://www.tanzschule-bothe.de/category/news/;Titel;Automat;News | Tanzschule Familie Bothe;News | Tanzschule Familie Bothe in Hannover | Tanzschule Bot
5;Archiv oder Galerie;https://www.tanzschule-bothe.de/category/news/aktionen/;Beschreibung;Automat;"Kategorie: &lt;span&gt;Aktionen&lt;/span&gt;";07.06.2026 Freunde werben Freunde 50,00 EUR Gutschrift auf Dein Kundenkonto - werbe Freunde, die noch nie bei uns angemeldet waren - mehrere Freunde …
5;Archiv oder Galerie;https://www.tanzschule-bothe.de/category/news/aktionen/;Titel;Automat;Aktionen | Tanzschule Familie Bothe;Aktionen | Tanzschule Familie Bothe in Hannover | Tanzschule
5;Archiv oder Galerie;https://www.tanzschule-bothe.de/category/news/events/;Beschreibung;Automat;"Kategorie: &lt;span&gt;Events&lt;/span&gt;";17.08.2025 Maschseefest 2025 - und wir waren mit dabei! In diesem Jahr waren wir gemeinsam mit Tanzschule Susanne Bothe ein Teil des NP-Sommerfestivals …
5;Archiv oder Galerie;https://www.tanzschule-bothe.de/category/news/events/;Titel;Automat;Events | Tanzschule Familie Bothe;Events | Tanzschule Familie Bothe in Hannover | Tanzschule B
5;Archiv oder Galerie;https://www.tanzschule-bothe.de/category/news/tanzen/;Beschreibung;Automat;"Kategorie: &lt;span&gt;Tanzen&lt;/span&gt;";07.06.2026 Freunde werben Freunde 50,00 EUR Gutschrift auf Dein Kundenkonto - werbe Freunde, die noch nie bei uns angemeldet waren - mehrere Freunde …
5;Archiv oder Galerie;https://www.tanzschule-bothe.de/category/news/tanzen/;Titel;Automat;Tanzen | Tanzschule Familie Bothe;Tanzen | Tanzschule Familie Bothe in Hannover | Tanzschule B
5;Beitrag aus einem Vorjahr;https://www.tanzschule-bothe.de/neueroeffnung-tanzhaus-hannover-09-02-2019/;Titel;Automat;Tanzschule Familie Bothe | Neueröffnung TANZHAUS HANNOVER;Neueröffnung TANZHAUS HANNOVER in Hannover | Tanzschule Both
5;Archiv oder Galerie;https://www.tanzschule-bothe.de/tag/360-grad-tour/;Beschreibung;Automat;"Schlagwort: &lt;span&gt;360 Grad Tour&lt;/span&gt;";360° Tour durch das TANZHAUS HANNOVER Ein neuer Einblick ins TANZHAUS HANNOVER: hier geht es zum virtuellen Rundgang durch die Loungebereiche und den …
5;Archiv oder Galerie;https://www.tanzschule-bothe.de/tag/360-grad-tour/;Titel;Automat;360 Grad Tour | Tanzschule Familie Bothe;360 Grad Tour | Tanzschule Familie Bothe in Hannover | Tanzs
5;Archiv oder Galerie;https://www.tanzschule-bothe.de/tag/abiball/;Beschreibung;Automat;"Schlagwort: &lt;span&gt;Abiball&lt;/span&gt;";360° Tour durch das TANZHAUS HANNOVER Ein neuer Einblick ins TANZHAUS HANNOVER: hier geht es zum virtuellen Rundgang durch die Loungebereiche und den …
5;Archiv oder Galerie;https://www.tanzschule-bothe.de/tag/abiball/;Titel;Automat;Abiball | Tanzschule Familie Bothe;Abiball | Tanzschule Familie Bothe in Hannover | Tanzschule 
5;Archiv oder Galerie;https://www.tanzschule-bothe.de/tag/app/;Beschreibung;Automat;"Schlagwort: &lt;span&gt;App&lt;/span&gt;";-Community ohne eine App laden zu müssen! Die schnellste Verbindung zur Tanzschule und das rund um die Uhr per PC/Laptop/Tablet & Smartphone .
5;Archiv oder Galerie;https://www.tanzschule-bothe.de/tag/app/;Titel;Automat;App | Tanzschule Familie Bothe;App | Tanzschule Familie Bothe in Hannover | Tanzschule Both
5;Archiv oder Galerie;https://www.tanzschule-bothe.de/tag/boclub/;Beschreibung;Automat;"Schlagwort: &lt;span&gt;BoClub&lt;/span&gt;";DJ BATTLE für Schüler am 04. Du liebst Musik und träumst davon, diese Passion mit anderen zu teilen?
5;Archiv oder Galerie;https://www.tanzschule-bothe.de/tag/boclub/;Titel;Automat;BoClub | Tanzschule Familie Bothe;BoClub | Tanzschule Familie Bothe in Hannover | Tanzschule B
5;Archiv oder Galerie;https://www.tanzschule-bothe.de/tag/bothe-tanzt/;Beschreibung;Automat;"Schlagwort: &lt;span&gt;Bothe Tanzt&lt;/span&gt;";TANZEN MIT MEHRWERT IN HANNOVER Jetzt reinschauen (ab Seite 38) und entdecken, was hinter Tanzen mit Mehrwert steckt.
5;Archiv oder Galerie;https://www.tanzschule-bothe.de/tag/bothe-tanzt/;Titel;Automat;Bothe Tanzt | Tanzschule Familie Bothe;Winter-Galaball 2023 in Hannover | Tanzschule Bothe
5;Archiv oder Galerie;https://www.tanzschule-bothe.de/tag/braunschweig/;Beschreibung;Automat;"Schlagwort: &lt;span&gt;Braunschweig&lt;/span&gt;";Erfolgreiches Hip Hop Wochenende Am Wochenende fanden in Braunschweig in der Volkswagen Halle die FINALS der International Dance Competition statt.
5;Archiv oder Galerie;https://www.tanzschule-bothe.de/tag/braunschweig/;Titel;Automat;Braunschweig | Tanzschule Familie Bothe;Braunschweig | Tanzschule Familie Bothe in Hannover | Tanzsc
5;Archiv oder Galerie;https://www.tanzschule-bothe.de/tag/bunited/;Beschreibung;Automat;"Schlagwort: &lt;span&gt;Bunited&lt;/span&gt;";Erfolgreicher Turniertag in Osnabrück waren unsere beiden Lateinformationen beim letzten Turnier der Saison in Osnabrück.
5;Archiv oder Galerie;https://www.tanzschule-bothe.de/tag/bunited/;Titel;Automat;Bunited | Tanzschule Familie Bothe;Bunited | Tanzschule Familie Bothe in Hannover | Tanzschule 
5;Archiv oder Galerie;https://www.tanzschule-bothe.de/tag/challenge/;Beschreibung;Automat;"Schlagwort: &lt;span&gt;Challenge&lt;/span&gt;";ICE CREAM CHALLENGE – jetzt voten! Die ICE CREAM CHALLENGE ist zurück!
5;Archiv oder Galerie;https://www.tanzschule-bothe.de/tag/challenge/;Titel;Automat;Challenge | Tanzschule Familie Bothe;Challenge | Tanzschule Familie Bothe in Hannover | Tanzschul
5;Archiv oder Galerie;https://www.tanzschule-bothe.de/tag/community/;Beschreibung;Automat;"Schlagwort: &lt;span&gt;Community&lt;/span&gt;";-Community ohne eine App laden zu müssen! Die schnellste Verbindung zur Tanzschule und das rund um die Uhr per PC/Laptop/Tablet & Smartphone .
5;Archiv oder Galerie;https://www.tanzschule-bothe.de/tag/community/;Titel;Automat;Community | Tanzschule Familie Bothe;Community | Tanzschule Familie Bothe in Hannover | Tanzschul
5;Archiv oder Galerie;https://www.tanzschule-bothe.de/tag/contemporary/;Beschreibung;Automat;"Schlagwort: &lt;span&gt;Contemporary&lt;/span&gt;";Showcase Family & Friends is back! Showcase Family & Friends – Wir starten in die nächste Runde! Hier geht’s zu den Tickets!
5;Archiv oder Galerie;https://www.tanzschule-bothe.de/tag/contemporary/;Titel;Automat;Contemporary | Tanzschule Familie Bothe;Contemporary | Tanzschule Familie Bothe in Hannover | Tanzsc
5;Archiv oder Galerie;https://www.tanzschule-bothe.de/tag/dance-community/;Beschreibung;Automat;"Schlagwort: &lt;span&gt;Dance community&lt;/span&gt;";-Community ohne eine App laden zu müssen! Die schnellste Verbindung zur Tanzschule und das rund um die Uhr per PC/Laptop/Tablet & Smartphone .
5;Archiv oder Galerie;https://www.tanzschule-bothe.de/tag/dance-community/;Titel;Automat;Dance community | Tanzschule Familie Bothe;Dance community | Tanzschule Familie Bothe in Hannover | Tan
5;Archiv oder Galerie;https://www.tanzschule-bothe.de/tag/dance-for-kids/;Beschreibung;Automat;"Schlagwort: &lt;span&gt;Dance for Kids&lt;/span&gt;";MUSIK AN – WELT AUS – TANZEN! bieten wir Kids im Alter von 6-12 Jahren ein SUMMER-DANCE-CAMP im TANZHAUS HANNOVER an.
5;Archiv oder Galerie;https://www.tanzschule-bothe.de/tag/dance-for-kids/;Titel;Automat;Dance for Kids | Tanzschule Familie Bothe;Dance for Kids | Tanzschule Familie Bothe in Hannover | Tanz
5;Archiv oder Galerie;https://www.tanzschule-bothe.de/tag/dancefitness/;Beschreibung;Automat;"Schlagwort: &lt;span&gt;Dance&amp;Fitness&lt;/span&gt;";Glückswoche für Erwachsene Glückswoche für Erwachsene von Sonntag, 24.08. Deine Freunde oder Familienmitglieder tanzen noch nicht bei uns?
5;Archiv oder Galerie;https://www.tanzschule-bothe.de/tag/dancefitness/;Titel;Automat;"Dance&amp;Fitness | Tanzschule Familie Bothe";"Dance&amp;Fitness | Tanzschule Familie Bothe in Hannover | T"
5;Archiv oder Galerie;https://www.tanzschule-bothe.de/tag/die-lusins/;Beschreibung;Automat;"Schlagwort: &lt;span&gt;die Lusins&lt;/span&gt;";GALA NIGHT HANNOVER – es war (uns) ein Fest Bei der GALA NIGHT HANNOVER 2022 am Samstag 17.
5;Archiv oder Galerie;https://www.tanzschule-bothe.de/tag/die-lusins/;Titel;Automat;die Lusins | Tanzschule Familie Bothe;die Lusins | Tanzschule Familie Bothe in Hannover | Tanzschu
5;Archiv oder Galerie;https://www.tanzschule-bothe.de/tag/disco/;Beschreibung;Automat;"Schlagwort: &lt;span&gt;Disco&lt;/span&gt;";DJ BATTLE für Schüler am 04. Du liebst Musik und träumst davon, diese Passion mit anderen zu teilen?
5;Archiv oder Galerie;https://www.tanzschule-bothe.de/tag/disco/;Titel;Automat;Disco | Tanzschule Familie Bothe;Disco | Tanzschule Familie Bothe in Hannover | Tanzschule Bo
5;Archiv oder Galerie;https://www.tanzschule-bothe.de/tag/dj-battle/;Beschreibung;Automat;"Schlagwort: &lt;span&gt;DJ Battle&lt;/span&gt;";DJ BATTLE für Schüler am 04. Du liebst Musik und träumst davon, diese Passion mit anderen zu teilen?
5;Archiv oder Galerie;https://www.tanzschule-bothe.de/tag/dj-battle/;Titel;Automat;DJ Battle | Tanzschule Familie Bothe;DJ Battle | Tanzschule Familie Bothe in Hannover | Tanzschul
5;Archiv oder Galerie;https://www.tanzschule-bothe.de/tag/einladen/;Beschreibung;Automat;"Schlagwort: &lt;span&gt;einladen&lt;/span&gt;";50,00 EUR Gutschrift auf Dein Kundenkonto – werbe Freunde, die noch nie bei uns angemeldet waren – Solotanz (Hip Hop, Dance&Fitness, Kindertanz, etc.): € …
5;Archiv oder Galerie;https://www.tanzschule-bothe.de/tag/einladen/;Titel;Automat;einladen | Tanzschule Familie Bothe;einladen | Tanzschule Familie Bothe in Hannover | Tanzschule
5;Archiv oder Galerie;https://www.tanzschule-bothe.de/tag/einloggen/;Beschreibung;Automat;"Schlagwort: &lt;span&gt;einloggen&lt;/span&gt;";-Community ohne eine App laden zu müssen! Die schnellste Verbindung zur Tanzschule und das rund um die Uhr per PC/Laptop/Tablet & Smartphone .
5;Archiv oder Galerie;https://www.tanzschule-bothe.de/tag/einloggen/;Titel;Automat;einloggen | Tanzschule Familie Bothe;einloggen | Tanzschule Familie Bothe in Hannover | Tanzschul
5;Archiv oder Galerie;https://www.tanzschule-bothe.de/tag/event/;Beschreibung;Automat;"Schlagwort: &lt;span&gt;Event&lt;/span&gt;";360° Tour durch das TANZHAUS HANNOVER Ein neuer Einblick ins TANZHAUS HANNOVER: hier geht es zum virtuellen Rundgang durch die Loungebereiche und den …
5;Archiv oder Galerie;https://www.tanzschule-bothe.de/tag/event/;Titel;Automat;Event | Tanzschule Familie Bothe;Event | Tanzschule Familie Bothe in Hannover | Tanzschule Bo
5;Archiv oder Galerie;https://www.tanzschule-bothe.de/tag/eventloctaion/;Beschreibung;Automat;"Schlagwort: &lt;span&gt;Eventloctaion&lt;/span&gt;";360° Tour durch das TANZHAUS HANNOVER Ein neuer Einblick ins TANZHAUS HANNOVER: hier geht es zum virtuellen Rundgang durch die Loungebereiche und den …
5;Archiv oder Galerie;https://www.tanzschule-bothe.de/tag/eventloctaion/;Titel;Automat;Eventloctaion | Tanzschule Familie Bothe;Eventloctaion | Tanzschule Familie Bothe in Hannover | Tanzs
5;Archiv oder Galerie;https://www.tanzschule-bothe.de/tag/feier/;Beschreibung;Automat;"Schlagwort: &lt;span&gt;Feier&lt;/span&gt;";360° Tour durch das TANZHAUS HANNOVER Ein neuer Einblick ins TANZHAUS HANNOVER: hier geht es zum virtuellen Rundgang durch die Loungebereiche und den …
5;Archiv oder Galerie;https://www.tanzschule-bothe.de/tag/feier/;Titel;Automat;Feier | Tanzschule Familie Bothe;Feier | Tanzschule Familie Bothe in Hannover | Tanzschule Bo
5;Archiv oder Galerie;https://www.tanzschule-bothe.de/tag/feiern-in-der-tanzschule/;Beschreibung;Automat;"Schlagwort: &lt;span&gt;Feiern in der Tanzschule&lt;/span&gt;";360° Tour durch das TANZHAUS HANNOVER Ein neuer Einblick ins TANZHAUS HANNOVER: hier geht es zum virtuellen Rundgang durch die Loungebereiche und den …
5;Archiv oder Galerie;https://www.tanzschule-bothe.de/tag/feiern-in-der-tanzschule/;Titel;Automat;Feiern in der Tanzschule | Tanzschule Familie Bothe;Feiern in der Tanzschule | Tanzschule Familie Bothe in Hanno
5;Archiv oder Galerie;https://www.tanzschule-bothe.de/tag/finals/;Beschreibung;Automat;"Schlagwort: &lt;span&gt;finals&lt;/span&gt;";Erfolgreiches Hip Hop Wochenende Am Wochenende fanden in Braunschweig die FINALS der International Dance Competition statt.
5;Archiv oder Galerie;https://www.tanzschule-bothe.de/tag/finals/;Titel;Automat;finals | Tanzschule Familie Bothe;finals | Tanzschule Familie Bothe in Hannover | Tanzschule B
5;Archiv oder Galerie;https://www.tanzschule-bothe.de/tag/fitness/;Beschreibung;Automat;"Schlagwort: &lt;span&gt;Fitness&lt;/span&gt;";Kostenlose Glückswoche 2026 Von Sonntag, 30.08., bis Freitag, 04.09.2026, bieten wir wieder eine kostenlose Woche der offenen Tür in folgenden Bereichen …
5;Archiv oder Galerie;https://www.tanzschule-bothe.de/tag/fitness/;Titel;Automat;Fitness | Tanzschule Familie Bothe;Fitness | Tanzschule Familie Bothe in Hannover | Tanzschule 
5;Archiv oder Galerie;https://www.tanzschule-bothe.de/tag/formation/;Beschreibung;Automat;"Schlagwort: &lt;span&gt;Formation&lt;/span&gt;";Erfolgreicher Turniertag in Osnabrück waren unsere beiden Lateinformationen beim letzten Turnier der Saison in Osnabrück.
5;Archiv oder Galerie;https://www.tanzschule-bothe.de/tag/formation/;Titel;Automat;Formation | Tanzschule Familie Bothe;Formation | Tanzschule Familie Bothe in Hannover | Tanzschul
5;Archiv oder Galerie;https://www.tanzschule-bothe.de/tag/freunde-werben/;Beschreibung;Automat;"Schlagwort: &lt;span&gt;Freunde werben&lt;/span&gt;";50,00 EUR Gutschrift auf Dein Kundenkonto – werbe Freunde, die noch nie bei uns angemeldet waren – Solotanz (Hip Hop, Dance&Fitness, Kindertanz, etc.): € …
5;Archiv oder Galerie;https://www.tanzschule-bothe.de/tag/freunde-werben/;Titel;Automat;Freunde werben | Tanzschule Familie Bothe;Freunde werben | Tanzschule Familie Bothe in Hannover | Tanz
5;Archiv oder Galerie;https://www.tanzschule-bothe.de/tag/friday-night-dancing/;Beschreibung;Automat;"Schlagwort: &lt;span&gt;Friday Night Dancing&lt;/span&gt;";FRIDAY NIGHT PARTY – WIESN-EDITION Holt eure Dirndl & Lederhosen raus – wir feiern die Friday Night Party am 26.
5;Archiv oder Galerie;https://www.tanzschule-bothe.de/tag/friday-night-dancing/;Titel;Automat;Friday Night Dancing | Tanzschule Familie Bothe;Friday Night Dancing | Tanzschule Familie Bothe in Hannover 
5;Archiv oder Galerie;https://www.tanzschule-bothe.de/tag/friday-night-party/;Beschreibung;Automat;"Schlagwort: &lt;span&gt;Friday Night Party&lt;/span&gt;";FRIDAY NIGHT PARTY – WIESN-EDITION Holt eure Dirndl & Lederhosen raus – wir feiern die Friday Night Party am 26.
5;Archiv oder Galerie;https://www.tanzschule-bothe.de/tag/friday-night-party/;Titel;Automat;Friday Night Party | Tanzschule Familie Bothe;Friday Night Party | Tanzschule Familie Bothe in Hannover | 
5;Archiv oder Galerie;https://www.tanzschule-bothe.de/tag/friday-night/;Beschreibung;Automat;"Schlagwort: &lt;span&gt;Friday Night&lt;/span&gt;";FRIDAY NIGHT PARTY – WIESN-EDITION Holt eure Dirndl & Lederhosen raus – wir feiern die Friday Night Party am 26.
5;Archiv oder Galerie;https://www.tanzschule-bothe.de/tag/friday-night/;Titel;Automat;Friday Night | Tanzschule Familie Bothe;Friday Night | Tanzschule Familie Bothe in Hannover | Tanzsc
5;Archiv oder Galerie;https://www.tanzschule-bothe.de/tag/gala-night/;Beschreibung;Automat;"Schlagwort: &lt;span&gt;GALA NIGHT&lt;/span&gt;";Das Hannoversche Tanz-Highlight des Jahres im HCC Wir sind glücklich, mit Ihnen am 06. Dezember 2025 den WINTER-GALABALL im Kuppelsaal des HCC zu feiern.
5;Archiv oder Galerie;https://www.tanzschule-bothe.de/tag/gala-night/;Titel;Automat;GALA NIGHT | Tanzschule Familie Bothe;GALA NIGHT | Tanzschule Familie Bothe in Hannover | Tanzschu
5;Archiv oder Galerie;https://www.tanzschule-bothe.de/tag/galaball/;Beschreibung;Automat;"Schlagwort: &lt;span&gt;Galaball&lt;/span&gt;";Winter Galaball 2023 – Es war (uns) ein Fest Beim WINTER GALABALL 2023 am Samstag 09.
5;Archiv oder Galerie;https://www.tanzschule-bothe.de/tag/galaball/;Titel;Automat;Galaball | Tanzschule Familie Bothe;Galaball | Tanzschule Familie Bothe in Hannover | Tanzschule
5;Archiv oder Galerie;https://www.tanzschule-bothe.de/tag/gastherr/;Beschreibung;Automat;"Schlagwort: &lt;span&gt;Gastherr&lt;/span&gt;";Werde GASTHERR für unsere Schülertanzkurse Du willst noch mehr tanzen?
5;Archiv oder Galerie;https://www.tanzschule-bothe.de/tag/gastherr/;Titel;Automat;Gastherr | Tanzschule Familie Bothe;Gastherr | Tanzschule Familie Bothe in Hannover | Tanzschule
5;Archiv oder Galerie;https://www.tanzschule-bothe.de/tag/gastherren/;Beschreibung;Automat;"Schlagwort: &lt;span&gt;Gastherren&lt;/span&gt;";Werde GASTHERR für unsere Schülertanzkurse Du willst noch mehr tanzen?
5;Archiv oder Galerie;https://www.tanzschule-bothe.de/tag/gastherren/;Titel;Automat;Gastherren | Tanzschule Familie Bothe;Gastherren | Tanzschule Familie Bothe in Hannover | Tanzschu
5;Archiv oder Galerie;https://www.tanzschule-bothe.de/tag/geburtstage/;Beschreibung;Automat;"Schlagwort: &lt;span&gt;Geburtstage&lt;/span&gt;";360° Tour durch das TANZHAUS HANNOVER Ein neuer Einblick ins TANZHAUS HANNOVER: hier geht es zum virtuellen Rundgang durch die Loungebereiche und den …
5;Archiv oder Galerie;https://www.tanzschule-bothe.de/tag/geburtstage/;Titel;Automat;Geburtstage | Tanzschule Familie Bothe;Geburtstage | Tanzschule Familie Bothe in Hannover | Tanzsch
5;Archiv oder Galerie;https://www.tanzschule-bothe.de/tag/gemeinsam/;Beschreibung;Automat;"Schlagwort: &lt;span&gt;gemeinsam&lt;/span&gt;";50,00 EUR Gutschrift auf Dein Kundenkonto – werbe Freunde, die noch nie bei uns angemeldet waren – Solotanz (Hip Hop, Dance&Fitness, Kindertanz, etc.): € …
5;Archiv oder Galerie;https://www.tanzschule-bothe.de/tag/gemeinsam/;Titel;Automat;gemeinsam | Tanzschule Familie Bothe;gemeinsam | Tanzschule Familie Bothe in Hannover | Tanzschul
5;Archiv oder Galerie;https://www.tanzschule-bothe.de/tag/glueckswoche/;Beschreibung;Automat;"Schlagwort: &lt;span&gt;Glückswoche&lt;/span&gt;";Glückswoche für Kids und Teens Glückswoche für Kids & Teens von Montag, 01.09.
5;Archiv oder Galerie;https://www.tanzschule-bothe.de/tag/glueckswoche/;Titel;Automat;Glückswoche | Tanzschule Familie Bothe;Glückswoche | Tanzschule Familie Bothe in Hannover | Tanzsch
5;Archiv oder Galerie;https://www.tanzschule-bothe.de/tag/hcc/;Beschreibung;Automat;"Schlagwort: &lt;span&gt;HCC&lt;/span&gt;";Das Hannoversche Tanz-Highlight des Jahres im HCC Das Highlight des Winter-Galaballs 2024 waren die Let‘s Dance-Stars Patricija und Alexandru Ionel, die …
5;Archiv oder Galerie;https://www.tanzschule-bothe.de/tag/hcc/;Titel;Automat;HCC | Tanzschule Familie Bothe;HCC | Tanzschule Familie Bothe in Hannover | Tanzschule Both
5;Archiv oder Galerie;https://www.tanzschule-bothe.de/tag/hip-hop/;Beschreibung;Automat;"Schlagwort: &lt;span&gt;Hip Hop&lt;/span&gt;";Glückswoche für Kids und Teens Glückswoche für Kids & Teens von Montag, 01.09.
5;Archiv oder Galerie;https://www.tanzschule-bothe.de/tag/hip-hop/;Titel;Automat;Hip Hop | Tanzschule Familie Bothe;Hip Hop | Tanzschule Familie Bothe in Hannover | Tanzschule 
5;Archiv oder Galerie;https://www.tanzschule-bothe.de/tag/hiphop/;Beschreibung;Automat;"Schlagwort: &lt;span&gt;HipHop&lt;/span&gt;";Showcase Family & Friends is back! Showcase Family & Friends – Wir starten in die nächste Runde! Hier geht’s zu den Tickets!
5;Archiv oder Galerie;https://www.tanzschule-bothe.de/tag/hiphop/;Titel;Automat;HipHop | Tanzschule Familie Bothe;HipHop | Tanzschule Familie Bothe in Hannover | Tanzschule B
5;Archiv oder Galerie;https://www.tanzschule-bothe.de/tag/hochzeit/;Beschreibung;Automat;"Schlagwort: &lt;span&gt;Hochzeit&lt;/span&gt;";360° Tour durch das TANZHAUS HANNOVER Ein neuer Einblick ins TANZHAUS HANNOVER: hier geht es zum virtuellen Rundgang durch die Loungebereiche und den …
5;Archiv oder Galerie;https://www.tanzschule-bothe.de/tag/hochzeit/;Titel;Automat;Hochzeit | Tanzschule Familie Bothe;Hochzeit | Tanzschule Familie Bothe in Hannover | Tanzschule
5;Archiv oder Galerie;https://www.tanzschule-bothe.de/tag/ice-cream-challenge/;Beschreibung;Automat;"Schlagwort: &lt;span&gt;Ice Cream Challenge&lt;/span&gt;";ICE CREAM CHALLENGE – jetzt voten! Die ICE CREAM CHALLENGE ist zurück!
5;Archiv oder Galerie;https://www.tanzschule-bothe.de/tag/ice-cream-challenge/;Titel;Automat;Ice Cream Challenge | Tanzschule Familie Bothe;Ice Cream Challenge | Tanzschule Familie Bothe in Hannover |
5;Archiv oder Galerie;https://www.tanzschule-bothe.de/tag/interlude/;Beschreibung;Automat;"Schlagwort: &lt;span&gt;Interlude&lt;/span&gt;";Erfolgreiches Hip Hop Wochenende Am Wochenende fanden in Braunschweig in der Volkswagen Halle die FINALS der International Dance Competition statt.
5;Archiv oder Galerie;https://www.tanzschule-bothe.de/tag/interlude/;Titel;Automat;Interlude | Tanzschule Familie Bothe;Interlude | Tanzschule Familie Bothe in Hannover | Tanzschul
5;Archiv oder Galerie;https://www.tanzschule-bothe.de/tag/international-dance-competition/;Beschreibung;Automat;"Schlagwort: &lt;span&gt;International Dance Competition&lt;/span&gt;";Erfolgreiches Hip Hop Wochenende Am Wochenende fanden in Braunschweig in der Volkswagen Halle die FINALS der International Dance Competition statt.
5;Archiv oder Galerie;https://www.tanzschule-bothe.de/tag/international-dance-competition/;Titel;Automat;International Dance Competition | Tanzschule Familie Bothe;International Dance Competition | Tanzschule Familie Bothe i
5;Archiv oder Galerie;https://www.tanzschule-bothe.de/tag/jetzt-tanzen/;Beschreibung;Automat;"Schlagwort: &lt;span&gt;jetzt Tanzen&lt;/span&gt;";50,00 EUR Gutschrift auf Dein Kundenkonto – werbe Freunde, die noch nie bei uns angemeldet waren – Solotanz (Hip Hop, Dance&Fitness, Kindertanz, etc.): € …
5;Archiv oder Galerie;https://www.tanzschule-bothe.de/tag/jetzt-tanzen/;Titel;Automat;jetzt Tanzen | Tanzschule Familie Bothe;jetzt Tanzen | Tanzschule Familie Bothe in Hannover | Tanzsc
5;Archiv oder Galerie;https://www.tanzschule-bothe.de/tag/jubilaeum/;Beschreibung;Automat;"Schlagwort: &lt;span&gt;Jubiläum&lt;/span&gt;";SUMMER DANCE FESTIVAL – 17. Es ist uns eine Ehre, 70 Jahre Tanz, Gemeinschaft und Tradition zu feiern. Highlight wird das SUMMER DANCE FESTIVAL am 17./18.
5;Archiv oder Galerie;https://www.tanzschule-bothe.de/tag/jubilaeum/;Titel;Automat;Jubiläum | Tanzschule Familie Bothe;Jubiläum | Tanzschule Familie Bothe in Hannover | Tanzschule
5;Archiv oder Galerie;https://www.tanzschule-bothe.de/tag/jugendkurse/;Beschreibung;Automat;"Schlagwort: &lt;span&gt;Jugendkurse&lt;/span&gt;";Werde GASTHERR für unsere Schülertanzkurse Du willst noch mehr tanzen?
5;Archiv oder Galerie;https://www.tanzschule-bothe.de/tag/jugendkurse/;Titel;Automat;Jugendkurse | Tanzschule Familie Bothe;Jugendkurse | Tanzschule Familie Bothe in Hannover | Tanzsch
5;Archiv oder Galerie;https://www.tanzschule-bothe.de/tag/jugendliche/;Beschreibung;Automat;"Schlagwort: &lt;span&gt;Jugendliche&lt;/span&gt;";WHITE MEETS NEON | Schüler-Disco September erwartet euch eine Schüler-Party voller Beats, Schwarzlicht und leuchtender Outfits.
5;Archiv oder Galerie;https://www.tanzschule-bothe.de/tag/jugendliche/;Titel;Automat;Jugendliche | Tanzschule Familie Bothe;Jugendliche | Tanzschule Familie Bothe in Hannover | Tanzsch
5;Archiv oder Galerie;https://www.tanzschule-bothe.de/tag/jugendtanzkurs/;Beschreibung;Automat;"Schlagwort: &lt;span&gt;Jugendtanzkurs&lt;/span&gt;";Werde GASTHERR für unsere Schülertanzkurse Du willst noch mehr tanzen?
5;Archiv oder Galerie;https://www.tanzschule-bothe.de/tag/jugendtanzkurs/;Titel;Automat;Jugendtanzkurs | Tanzschule Familie Bothe;Jugendtanzkurs | Tanzschule Familie Bothe in Hannover | Tanz
5;Archiv oder Galerie;https://www.tanzschule-bothe.de/tag/kids/;Beschreibung;Automat;"Schlagwort: &lt;span&gt;Kids&lt;/span&gt;";MUSIK AN – WELT AUS – TANZEN! bieten wir Kids im Alter von 6-12 Jahren ein SUMMER-DANCE-CAMP im TANZHAUS HANNOVER an.
5;Archiv oder Galerie;https://www.tanzschule-bothe.de/tag/kids/;Titel;Automat;Kids | Tanzschule Familie Bothe;Kids | Tanzschule Familie Bothe in Hannover | Tanzschule Bot
5;Archiv oder Galerie;https://www.tanzschule-bothe.de/tag/kindertanz/;Beschreibung;Automat;"Schlagwort: &lt;span&gt;kindertanz&lt;/span&gt;";Glückswoche für Kids und Teens Glückswoche für Kids & Teens von Montag, 01.09.
5;Archiv oder Galerie;https://www.tanzschule-bothe.de/tag/kindertanz/;Titel;Automat;kindertanz | Tanzschule Familie Bothe;kindertanz | Tanzschule Familie Bothe in Hannover | Tanzschu
5;Archiv oder Galerie;https://www.tanzschule-bothe.de/tag/kostenlos/;Beschreibung;Automat;"Schlagwort: &lt;span&gt;kostenlos&lt;/span&gt;";Kostenlose Glückswoche 2026 Von Sonntag, 30.08., bis Freitag, 04.09.2026, bieten wir wieder eine kostenlose Woche der offenen Tür in folgenden Bereichen …
5;Archiv oder Galerie;https://www.tanzschule-bothe.de/tag/kostenlos/;Titel;Automat;kostenlos | Tanzschule Familie Bothe;kostenlos | Tanzschule Familie Bothe in Hannover | Tanzschul
5;Archiv oder Galerie;https://www.tanzschule-bothe.de/tag/let-the-sunshine-in/;Beschreibung;Automat;"Schlagwort: &lt;span&gt;Let the sunshine in&lt;/span&gt;";Opernball 2024 – „LET THE SUNSHINE IN“ Der Opernball Hannover findet seit über 25 Jahren unter einem jährlich wechselnden Motto in der Staatsoper Hannover …
5;Archiv oder Galerie;https://www.tanzschule-bothe.de/tag/let-the-sunshine-in/;Titel;Automat;Let the sunshine in | Tanzschule Familie Bothe;Let the sunshine in | Tanzschule Familie Bothe in Hannover |
5;Archiv oder Galerie;https://www.tanzschule-bothe.de/tag/magazin/;Beschreibung;Automat;"Schlagwort: &lt;span&gt;Magazin&lt;/span&gt;";Hier zum digitalen durchblättern. In unseren Tanzhäusern liegen Exemplare zum Mitnehmen und Verteilen aus.
5;Archiv oder Galerie;https://www.tanzschule-bothe.de/tag/magazin/;Titel;Automat;Magazin | Tanzschule Familie Bothe;Magazin | Tanzschule Familie Bothe in Hannover | Tanzschule 
5;Archiv oder Galerie;https://www.tanzschule-bothe.de/tag/maschsee/;Beschreibung;Automat;"Schlagwort: &lt;span&gt;maschsee&lt;/span&gt;";Maschseefest 2025 – und wir waren mit dabei! In diesem Jahr waren wir gemeinsam mit Tanzschule Susanne Bothe ein Teil des NP-Sommerfestivals auf dem …
5;Archiv oder Galerie;https://www.tanzschule-bothe.de/tag/maschsee/;Titel;Automat;maschsee | Tanzschule Familie Bothe;maschsee | Tanzschule Familie Bothe in Hannover | Tanzschule
5;Archiv oder Galerie;https://www.tanzschule-bothe.de/tag/mieten-sie-das-tanzhaus/;Beschreibung;Automat;"Schlagwort: &lt;span&gt;Mieten sie das Tanzhaus&lt;/span&gt;";360° Tour durch das TANZHAUS HANNOVER Ein neuer Einblick ins TANZHAUS HANNOVER: hier geht es zum virtuellen Rundgang durch die Loungebereiche und den …
5;Archiv oder Galerie;https://www.tanzschule-bothe.de/tag/mieten-sie-das-tanzhaus/;Titel;Automat;Mieten sie das Tanzhaus | Tanzschule Familie Bothe;Mieten sie das Tanzhaus | Tanzschule Familie Bothe in Hannov
5;Archiv oder Galerie;https://www.tanzschule-bothe.de/tag/mittellandkanal/;Beschreibung;Automat;"Schlagwort: &lt;span&gt;Mittellandkanal&lt;/span&gt;";360° Tour durch das TANZHAUS HANNOVER Ein neuer Einblick ins TANZHAUS HANNOVER: hier geht es zum virtuellen Rundgang durch die Loungebereiche und den …
5;Archiv oder Galerie;https://www.tanzschule-bothe.de/tag/mittellandkanal/;Titel;Automat;Mittellandkanal | Tanzschule Familie Bothe;Mittellandkanal | Tanzschule Familie Bothe in Hannover | Tan
5;Archiv oder Galerie;https://www.tanzschule-bothe.de/tag/motionsquad/;Beschreibung;Automat;"Schlagwort: &lt;span&gt;MotionSquad&lt;/span&gt;";Erfolgreiches Hip Hop Wochenende Am Wochenende fanden in Braunschweig die FINALS der International Dance Competition statt.
5;Archiv oder Galerie;https://www.tanzschule-bothe.de/tag/motionsquad/;Titel;Automat;MotionSquad | Tanzschule Familie Bothe;MotionSquad | Tanzschule Familie Bothe in Hannover | Tanzsch
5;Archiv oder Galerie;https://www.tanzschule-bothe.de/tag/motionyoungsters/;Beschreibung;Automat;"Schlagwort: &lt;span&gt;MotionYoungsters&lt;/span&gt;";Erfolgreiches Hip Hop Wochenende Am Wochenende fanden in Braunschweig die FINALS der International Dance Competition statt.
5;Archiv oder Galerie;https://www.tanzschule-bothe.de/tag/motionyoungsters/;Titel;Automat;MotionYoungsters | Tanzschule Familie Bothe;MotionYoungsters | Tanzschule Familie Bothe in Hannover | Ta
5;Archiv oder Galerie;https://www.tanzschule-bothe.de/tag/neon-party/;Beschreibung;Automat;"Schlagwort: &lt;span&gt;Neon Party&lt;/span&gt;";WHITE MEETS NEON | Schüler-Disco September erwartet euch eine Schüler-Party voller Beats, Schwarzlicht und leuchtender Outfits.
5;Archiv oder Galerie;https://www.tanzschule-bothe.de/tag/neon-party/;Titel;Automat;Neon Party | Tanzschule Familie Bothe;Neon Party | Tanzschule Familie Bothe in Hannover | Tanzschu
5;Archiv oder Galerie;https://www.tanzschule-bothe.de/tag/neue-presse/;Beschreibung;Automat;"Schlagwort: &lt;span&gt;Neue Presse&lt;/span&gt;";Maschseefest 2025 – und wir waren mit dabei! In diesem Jahr waren wir gemeinsam mit Tanzschule Susanne Bothe ein Teil des NP-Sommerfestivals auf dem …
5;Archiv oder Galerie;https://www.tanzschule-bothe.de/tag/neue-presse/;Titel;Automat;Neue Presse | Tanzschule Familie Bothe;Neue Presse | Tanzschule Familie Bothe in Hannover | Tanzsch
5;Archiv oder Galerie;https://www.tanzschule-bothe.de/tag/noltemeyerbruecke/;Beschreibung;Automat;"Schlagwort: &lt;span&gt;Noltemeyerbrücke&lt;/span&gt;";360° Tour durch das TANZHAUS HANNOVER Ein neuer Einblick ins TANZHAUS HANNOVER: hier geht es zum virtuellen Rundgang durch die Loungebereiche und den …
5;Archiv oder Galerie;https://www.tanzschule-bothe.de/tag/noltemeyerbruecke/;Titel;Automat;Noltemeyerbrücke | Tanzschule Familie Bothe;Noltemeyerbrücke | Tanzschule Familie Bothe in Hannover | Ta
5;Archiv oder Galerie;https://www.tanzschule-bothe.de/tag/nordufer/;Beschreibung;Automat;"Schlagwort: &lt;span&gt;Nordufer&lt;/span&gt;";Maschseefest 2025 – und wir waren mit dabei! In diesem Jahr waren wir gemeinsam mit Tanzschule Susanne Bothe ein Teil des NP-Sommerfestivals auf dem …
5;Archiv oder Galerie;https://www.tanzschule-bothe.de/tag/nordufer/;Titel;Automat;Nordufer | Tanzschule Familie Bothe;Nordufer | Tanzschule Familie Bothe in Hannover | Tanzschule
5;Archiv oder Galerie;https://www.tanzschule-bothe.de/tag/odd/;Beschreibung;Automat;"Schlagwort: &lt;span&gt;ODD&lt;/span&gt;";OPEN DANCE DAY am 14.01.2024 Januar, bieten wir von 11.00 – 17.00 Uhr bei unserem OPEN DANCE DAY, einem Tag der offenen Tür, im TANZHAUS HANNOVER …
5;Archiv oder Galerie;https://www.tanzschule-bothe.de/tag/odd/;Titel;Automat;ODD | Tanzschule Familie Bothe;ODD | Tanzschule Familie Bothe in Hannover | Tanzschule Both
5;Archiv oder Galerie;https://www.tanzschule-bothe.de/tag/open-dance-day/;Beschreibung;Automat;"Schlagwort: &lt;span&gt;Open Dance Day&lt;/span&gt;";SUMMER DANCE FESTIVAL – 17. Es ist uns eine Ehre, 70 Jahre Tanz, Gemeinschaft und Tradition zu feiern. Highlight wird das SUMMER DANCE FESTIVAL am 17./18.
5;Archiv oder Galerie;https://www.tanzschule-bothe.de/tag/open-dance-day/;Titel;Automat;Open Dance Day | Tanzschule Familie Bothe;Open Dance Day | Tanzschule Familie Bothe in Hannover | Tanz
5;Archiv oder Galerie;https://www.tanzschule-bothe.de/tag/opendanceday/;Beschreibung;Automat;"Schlagwort: &lt;span&gt;OpenDanceDay&lt;/span&gt;";OPEN DANCE DAY am 14.01.2024 Januar, bieten wir von 11.00 – 17.00 Uhr bei unserem OPEN DANCE DAY, einem Tag der offenen Tür, im TANZHAUS HANNOVER …
5;Archiv oder Galerie;https://www.tanzschule-bothe.de/tag/opendanceday/;Titel;Automat;OpenDanceDay | Tanzschule Familie Bothe;OpenDanceDay | Tanzschule Familie Bothe in Hannover | Tanzsc
5;Archiv oder Galerie;https://www.tanzschule-bothe.de/tag/opernball-2024/;Beschreibung;Automat;"Schlagwort: &lt;span&gt;Opernball 2024&lt;/span&gt;";Opernball 2024 – „LET THE SUNSHINE IN“ Der Opernball Hannover findet seit über 25 Jahren unter einem jährlich wechselnden Motto in der Staatsoper Hannover …
5;Archiv oder Galerie;https://www.tanzschule-bothe.de/tag/opernball-2024/;Titel;Automat;Opernball 2024 | Tanzschule Familie Bothe;Opernball 2024 | Tanzschule Familie Bothe in Hannover | Tanz
5;Archiv oder Galerie;https://www.tanzschule-bothe.de/tag/opernball/;Beschreibung;Automat;"Schlagwort: &lt;span&gt;Opernball&lt;/span&gt;";Opernball 2024 – „LET THE SUNSHINE IN“ Der Opernball Hannover findet seit über 25 Jahren unter einem jährlich wechselnden Motto in der Staatsoper Hannover …
5;Archiv oder Galerie;https://www.tanzschule-bothe.de/tag/opernball/;Titel;Automat;Opernball | Tanzschule Familie Bothe;Opernball | Tanzschule Familie Bothe in Hannover | Tanzschul
5;Archiv oder Galerie;https://www.tanzschule-bothe.de/tag/opernballtanzstunde/;Beschreibung;Automat;"Schlagwort: &lt;span&gt;Opernballtanzstunde&lt;/span&gt;";Opernball 2024 – „LET THE SUNSHINE IN“ Der Opernball Hannover findet seit über 25 Jahren unter einem jährlich wechselnden Motto in der Staatsoper Hannover …
5;Archiv oder Galerie;https://www.tanzschule-bothe.de/tag/opernballtanzstunde/;Titel;Automat;Opernballtanzstunde | Tanzschule Familie Bothe;Opernballtanzstunde | Tanzschule Familie Bothe in Hannover |
5;Archiv oder Galerie;https://www.tanzschule-bothe.de/tag/osnabrueck/;Beschreibung;Automat;"Schlagwort: &lt;span&gt;Osnabrück&lt;/span&gt;";Erfolgreicher Turniertag in Osnabrück waren unsere beiden Lateinformationen beim letzten Turnier der Saison in Osnabrück.
5;Archiv oder Galerie;https://www.tanzschule-bothe.de/tag/osnabrueck/;Titel;Automat;Osnabrück | Tanzschule Familie Bothe;Osnabrück | Tanzschule Familie Bothe in Hannover | Tanzschul
5;Archiv oder Galerie;https://www.tanzschule-bothe.de/tag/paare/;Beschreibung;Automat;"Schlagwort: &lt;span&gt;Paare&lt;/span&gt;";Tanzfreie Tage im April/Mai 2024 an folgenden Tagen im April/Mai 2024 finden in all unseren Tanzhäusern keine Kurse statt: Wir wünschen euch schöne und …
5;Archiv oder Galerie;https://www.tanzschule-bothe.de/tag/paare/;Titel;Automat;Paare | Tanzschule Familie Bothe;Paare | Tanzschule Familie Bothe in Hannover | Tanzschule Bo
5;Archiv oder Galerie;https://www.tanzschule-bothe.de/tag/paartanz-erwachsene/;Beschreibung;Automat;"Schlagwort: &lt;span&gt;Paartanz Erwachsene&lt;/span&gt;";Glückswoche für Erwachsene Glückswoche für Erwachsene von Sonntag, 24.08. Deine Freunde oder Familienmitglieder tanzen noch nicht bei uns?
5;Archiv oder Galerie;https://www.tanzschule-bothe.de/tag/paartanz-erwachsene/;Titel;Automat;Paartanz Erwachsene | Tanzschule Familie Bothe;Paartanz Erwachsene | Tanzschule Familie Bothe in Hannover |
5;Archiv oder Galerie;https://www.tanzschule-bothe.de/tag/paartanz/;Beschreibung;Automat;"Schlagwort: &lt;span&gt;Paartanz&lt;/span&gt;";Kostenlose Glückswoche 2026 Von Sonntag, 30.08., bis Freitag, 04.09.2026, bieten wir wieder eine kostenlose Woche der offenen Tür in folgenden Bereichen …
5;Archiv oder Galerie;https://www.tanzschule-bothe.de/tag/paartanz/;Titel;Automat;Paartanz | Tanzschule Familie Bothe;Paartanz | Tanzschule Familie Bothe in Hannover | Tanzschule
5;Archiv oder Galerie;https://www.tanzschule-bothe.de/tag/parkett/;Beschreibung;Automat;"Schlagwort: &lt;span&gt;parkett&lt;/span&gt;";GALA NIGHT HANNOVER – es war (uns) ein Fest Bei der GALA NIGHT HANNOVER 2022 am Samstag 17.
5;Archiv oder Galerie;https://www.tanzschule-bothe.de/tag/parkett/;Titel;Automat;parkett | Tanzschule Familie Bothe;parkett | Tanzschule Familie Bothe in Hannover | Tanzschule 
5;Archiv oder Galerie;https://www.tanzschule-bothe.de/tag/partner/;Beschreibung;Automat;"Schlagwort: &lt;span&gt;Partner&lt;/span&gt;";Werde GASTHERR für unsere Schülertanzkurse Du willst noch mehr tanzen?
5;Archiv oder Galerie;https://www.tanzschule-bothe.de/tag/partner/;Titel;Automat;Partner | Tanzschule Familie Bothe;Partner | Tanzschule Familie Bothe in Hannover | Tanzschule 
5;Archiv oder Galerie;https://www.tanzschule-bothe.de/tag/probestunde/;Beschreibung;Automat;"Schlagwort: &lt;span&gt;Probestunde&lt;/span&gt;";Opernball 2024 – „LET THE SUNSHINE IN“ Der Opernball Hannover findet seit über 25 Jahren unter einem jährlich wechselnden Motto in der Staatsoper Hannover …
5;Archiv oder Galerie;https://www.tanzschule-bothe.de/tag/probestunde/;Titel;Automat;Probestunde | Tanzschule Familie Bothe;Probestunde | Tanzschule Familie Bothe in Hannover | Tanzsch
5;Archiv oder Galerie;https://www.tanzschule-bothe.de/tag/radius30/;Beschreibung;Automat;"Schlagwort: &lt;span&gt;radius30&lt;/span&gt;";TANZEN MIT MEHRWERT IN HANNOVER Jetzt reinschauen (ab Seite 38) und entdecken, was hinter Tanzen mit Mehrwert steckt.
5;Archiv oder Galerie;https://www.tanzschule-bothe.de/tag/radius30/;Titel;Automat;radius30 | Tanzschule Familie Bothe;radius30 | Tanzschule Familie Bothe in Hannover | Tanzschule
5;Archiv oder Galerie;https://www.tanzschule-bothe.de/tag/raeumlichkeit/;Beschreibung;Automat;"Schlagwort: &lt;span&gt;Räumlichkeit&lt;/span&gt;";360° Tour durch das TANZHAUS HANNOVER Ein neuer Einblick ins TANZHAUS HANNOVER: hier geht es zum virtuellen Rundgang durch die Loungebereiche und den …
5;Archiv oder Galerie;https://www.tanzschule-bothe.de/tag/raeumlichkeit/;Titel;Automat;Räumlichkeit | Tanzschule Familie Bothe;Räumlichkeit | Tanzschule Familie Bothe in Hannover | Tanzsc
5;Archiv oder Galerie;https://www.tanzschule-bothe.de/tag/renata-lusin/;Beschreibung;Automat;"Schlagwort: &lt;span&gt;Renata Lusin&lt;/span&gt;";GALA NIGHT HANNOVER – es war (uns) ein Fest Bei der GALA NIGHT HANNOVER 2022 am Samstag 17.
5;Archiv oder Galerie;https://www.tanzschule-bothe.de/tag/renata-lusin/;Titel;Automat;Renata Lusin | Tanzschule Familie Bothe;Renata Lusin | Tanzschule Familie Bothe in Hannover | Tanzsc
5;Archiv oder Galerie;https://www.tanzschule-bothe.de/tag/rundgang/;Beschreibung;Automat;"Schlagwort: &lt;span&gt;Rundgang&lt;/span&gt;";360° Tour durch das TANZHAUS HANNOVER Ein neuer Einblick ins TANZHAUS HANNOVER: hier geht es zum virtuellen Rundgang durch die Loungebereiche und den …
5;Archiv oder Galerie;https://www.tanzschule-bothe.de/tag/rundgang/;Titel;Automat;Rundgang | Tanzschule Familie Bothe;Rundgang | Tanzschule Familie Bothe in Hannover | Tanzschule
5;Archiv oder Galerie;https://www.tanzschule-bothe.de/tag/saisonstart-paartanz/;Beschreibung;Automat;"Schlagwort: &lt;span&gt;Saisonstart. Paartanz&lt;/span&gt;";Neue Paartanzkurse ab Juni 2026 Unser vielfältiges Tanzprogramm für Paare bietet für jeden das passende Angebot: vom Standard- und Latein-Bereich über …
5;Archiv oder Galerie;https://www.tanzschule-bothe.de/tag/saisonstart-paartanz/;Titel;Automat;Saisonstart. Paartanz | Tanzschule Familie Bothe;Saisonstart. Paartanz | Tanzschule Familie Bothe in Hannover
5;Archiv oder Galerie;https://www.tanzschule-bothe.de/tag/schueler-disco/;Beschreibung;Automat;"Schlagwort: &lt;span&gt;Schüler-Disco&lt;/span&gt;";WHITE MEETS NEON | Schüler-Disco September erwartet euch eine Schüler-Party voller Beats, Schwarzlicht und leuchtender Outfits.
5;Archiv oder Galerie;https://www.tanzschule-bothe.de/tag/schueler-disco/;Titel;Automat;Schüler-Disco | Tanzschule Familie Bothe;Schüler-Disco | Tanzschule Familie Bothe in Hannover | Tanzs
5;Archiv oder Galerie;https://www.tanzschule-bothe.de/tag/schueler-party/;Beschreibung;Automat;"Schlagwort: &lt;span&gt;Schüler-Party&lt;/span&gt;";WHITE MEETS NEON | Schüler-Disco September erwartet euch eine Schüler-Party voller Beats, Schwarzlicht und leuchtender Outfits.
5;Archiv oder Galerie;https://www.tanzschule-bothe.de/tag/schueler-party/;Titel;Automat;Schüler-Party | Tanzschule Familie Bothe;Schüler-Party | Tanzschule Familie Bothe in Hannover | Tanzs
5;Archiv oder Galerie;https://www.tanzschule-bothe.de/tag/schueler/;Beschreibung;Automat;"Schlagwort: &lt;span&gt;Schüler&lt;/span&gt;";Tanzfreie Tage im April/Mai 2024 an folgenden Tagen im April/Mai 2024 finden in all unseren Tanzhäusern keine Kurse statt: Wir wünschen euch schöne und …
5;Archiv oder Galerie;https://www.tanzschule-bothe.de/tag/schueler/;Titel;Automat;Schüler | Tanzschule Familie Bothe;Schüler | Tanzschule Familie Bothe in Hannover | Tanzschule 
5;Archiv oder Galerie;https://www.tanzschule-bothe.de/tag/schuelerkurse/;Beschreibung;Automat;"Schlagwort: &lt;span&gt;Schülerkurse&lt;/span&gt;";Werde GASTHERR für unsere Schülertanzkurse Du willst noch mehr tanzen?
5;Archiv oder Galerie;https://www.tanzschule-bothe.de/tag/schuelerkurse/;Titel;Automat;Schülerkurse | Tanzschule Familie Bothe;Schülerkurse | Tanzschule Familie Bothe in Hannover | Tanzsc
5;Archiv oder Galerie;https://www.tanzschule-bothe.de/tag/schuelerparty/;Beschreibung;Automat;"Schlagwort: &lt;span&gt;Schülerparty&lt;/span&gt;";DJ BATTLE für Schüler am 04. Du liebst Musik und träumst davon, diese Passion mit anderen zu teilen?
5;Archiv oder Galerie;https://www.tanzschule-bothe.de/tag/schuelerparty/;Titel;Automat;Schülerparty | Tanzschule Familie Bothe;Schülerparty | Tanzschule Familie Bothe in Hannover | Tanzsc
5;Archiv oder Galerie;https://www.tanzschule-bothe.de/tag/schuelertanzkurs/;Beschreibung;Automat;"Schlagwort: &lt;span&gt;Schülertanzkurs&lt;/span&gt;";Werde GASTHERR für unsere Schülertanzkurse Du willst noch mehr tanzen?
5;Archiv oder Galerie;https://www.tanzschule-bothe.de/tag/schuelertanzkurs/;Titel;Automat;Schülertanzkurs | Tanzschule Familie Bothe;Schülertanzkurs | Tanzschule Familie Bothe in Hannover | Tan
5;Archiv oder Galerie;https://www.tanzschule-bothe.de/tag/showcase/;Beschreibung;Automat;"Schlagwort: &lt;span&gt;Showcase&lt;/span&gt;";Showcase Family & Friends is back! Showcase Family & Friends – Wir starten in die nächste Runde! Hier geht’s zu den Tickets!
5;Archiv oder Galerie;https://www.tanzschule-bothe.de/tag/showcase/;Titel;Automat;Showcase | Tanzschule Familie Bothe;Showcase | Tanzschule Familie Bothe in Hannover | Tanzschule
5;Archiv oder Galerie;https://www.tanzschule-bothe.de/tag/showcase4kids/;Beschreibung;Automat;"Schlagwort: &lt;span&gt;Showcase4Kids&lt;/span&gt;";Unser Showcase 4Kids – Family & Friends – die Erstausgabe für Tänzer von 6 – 11 Jahren. Ein großes Come-Together für unsere gesamte Bothe-Community.
5;Archiv oder Galerie;https://www.tanzschule-bothe.de/tag/showcase4kids/;Titel;Automat;Showcase4Kids | Tanzschule Familie Bothe;Showcase4Kids | Tanzschule Familie Bothe in Hannover | Tanzs
5;Archiv oder Galerie;https://www.tanzschule-bothe.de/tag/solotanz/;Beschreibung;Automat;"Schlagwort: &lt;span&gt;Solotanz&lt;/span&gt;";Kostenlose Glückswoche 2026 Von Sonntag, 30.08., bis Freitag, 04.09.2026, bieten wir wieder eine kostenlose Woche der offenen Tür in folgenden Bereichen …
5;Archiv oder Galerie;https://www.tanzschule-bothe.de/tag/solotanz/;Titel;Automat;Solotanz | Tanzschule Familie Bothe;Solotanz | Tanzschule Familie Bothe in Hannover | Tanzschule
5;Archiv oder Galerie;https://www.tanzschule-bothe.de/tag/sparen/;Beschreibung;Automat;"Schlagwort: &lt;span&gt;sparen&lt;/span&gt;";50,00 EUR Gutschrift auf Dein Kundenkonto – werbe Freunde, die noch nie bei uns angemeldet waren – Solotanz (Hip Hop, Dance&Fitness, Kindertanz, etc.): € …
5;Archiv oder Galerie;https://www.tanzschule-bothe.de/tag/sparen/;Titel;Automat;sparen | Tanzschule Familie Bothe;sparen | Tanzschule Familie Bothe in Hannover | Tanzschule B
5;Archiv oder Galerie;https://www.tanzschule-bothe.de/tag/specials/;Beschreibung;Automat;"Schlagwort: &lt;span&gt;Specials&lt;/span&gt;";Glückswoche für Erwachsene Glückswoche für Erwachsene von Sonntag, 24.08. Deine Freunde oder Familienmitglieder tanzen noch nicht bei uns?
5;Archiv oder Galerie;https://www.tanzschule-bothe.de/tag/specials/;Titel;Automat;Specials | Tanzschule Familie Bothe;Specials | Tanzschule Familie Bothe in Hannover | Tanzschule
5;Archiv oder Galerie;https://www.tanzschule-bothe.de/tag/summerdancefestival/;Beschreibung;Automat;"Schlagwort: &lt;span&gt;SummerDanceFestival&lt;/span&gt;";SUMMER DANCE FESTIVAL – 17. Es ist uns eine Ehre, 70 Jahre Tanz, Gemeinschaft und Tradition zu feiern. Highlight wird das SUMMER DANCE FESTIVAL am 17./18.
5;Archiv oder Galerie;https://www.tanzschule-bothe.de/tag/summerdancefestival/;Titel;Automat;SummerDanceFestival | Tanzschule Familie Bothe;SummerDanceFestival | Tanzschule Familie Bothe in Hannover |
5;Archiv oder Galerie;https://www.tanzschule-bothe.de/tag/t-u-d/;Beschreibung;Automat;"Schlagwort: &lt;span&gt;T.U.D.&lt;/span&gt;";Erfolgreiches Hip Hop Wochenende Am Wochenende fanden in Braunschweig in der Volkswagen Halle die FINALS der International Dance Competition statt.
5;Archiv oder Galerie;https://www.tanzschule-bothe.de/tag/t-u-d/;Titel;Automat;T.U.D. | Tanzschule Familie Bothe;T.U.D. | Tanzschule Familie Bothe in Hannover | Tanzschule B
5;Archiv oder Galerie;https://www.tanzschule-bothe.de/tag/tag-der-offenen-tuer/;Beschreibung;Automat;"Schlagwort: &lt;span&gt;Tag der offenen Tür&lt;/span&gt;";Glückswoche für Kids und Teens Glückswoche für Kids & Teens von Montag, 01.09.
5;Archiv oder Galerie;https://www.tanzschule-bothe.de/tag/tag-der-offenen-tuer/;Titel;Automat;Tag der offenen Tür | Tanzschule Familie Bothe;Tag der offenen Tür | Tanzschule Familie Bothe in Hannover |
5;Archiv oder Galerie;https://www.tanzschule-bothe.de/tag/tanzen-kinder/;Beschreibung;Automat;"Schlagwort: &lt;span&gt;Tanzen Kinder&lt;/span&gt;";MUSIK AN – WELT AUS – TANZEN! bieten wir Kids im Alter von 6-12 Jahren ein SUMMER-DANCE-CAMP im TANZHAUS HANNOVER an.
5;Archiv oder Galerie;https://www.tanzschule-bothe.de/tag/tanzen-kinder/;Titel;Automat;Tanzen Kinder | Tanzschule Familie Bothe;Tanzen Kinder | Tanzschule Familie Bothe in Hannover | Tanzs
5;Archiv oder Galerie;https://www.tanzschule-bothe.de/tag/tanzen-mit-mehrwert/;Beschreibung;Automat;"Schlagwort: &lt;span&gt;Tanzen mit Mehrwert&lt;/span&gt;";TANZEN MIT MEHRWERT IN HANNOVER Jetzt reinschauen (ab Seite 38) und entdecken, was hinter Tanzen mit Mehrwert steckt.
5;Archiv oder Galerie;https://www.tanzschule-bothe.de/tag/tanzen-mit-mehrwert/;Titel;Automat;Tanzen mit Mehrwert | Tanzschule Familie Bothe;Tanzen mit Mehrwert | Tanzschule Familie Bothe in Hannover |
5;Archiv oder Galerie;https://www.tanzschule-bothe.de/tag/tanzfreie-tage/;Beschreibung;Automat;"Schlagwort: &lt;span&gt;Tanzfreie Tage&lt;/span&gt;";Tanzfreie Tage im April/Mai 2024 an folgenden Tagen im April/Mai 2024 finden in all unseren Tanzhäusern keine Kurse statt: Wir wünschen euch schöne und …
5;Archiv oder Galerie;https://www.tanzschule-bothe.de/tag/tanzfreie-tage/;Titel;Automat;Tanzfreie Tage | Tanzschule Familie Bothe;Tanzfreie Tage | Tanzschule Familie Bothe in Hannover | Tanz
5;Archiv oder Galerie;https://www.tanzschule-bothe.de/tag/tanzhaus/;Beschreibung;Automat;"Schlagwort: &lt;span&gt;Tanzhaus&lt;/span&gt;";360° Tour durch das TANZHAUS HANNOVER Ein neuer Einblick ins TANZHAUS HANNOVER: hier geht es zum virtuellen Rundgang durch die Loungebereiche und den …
5;Archiv oder Galerie;https://www.tanzschule-bothe.de/tag/tanzhaus/;Titel;Automat;Tanzhaus | Tanzschule Familie Bothe;Tanzhaus | Tanzschule Familie Bothe in Hannover | Tanzschule
5;Archiv oder Galerie;https://www.tanzschule-bothe.de/tag/tanzidplom/;Beschreibung;Automat;"Schlagwort: &lt;span&gt;Tanzidplom&lt;/span&gt;";Schüler-Tanzdiplom im TANZHAUS HANNOVER für alle Schüler der August-Saison 2024 Eintanzen Beginn: ab 17:00 Uhr Tänze: Discofox, Langsamer Walzer, Rumba, …
5;Archiv oder Galerie;https://www.tanzschule-bothe.de/tag/tanzidplom/;Titel;Automat;Tanzidplom | Tanzschule Familie Bothe;Tanzidplom | Tanzschule Familie Bothe in Hannover | Tanzschu
5;Archiv oder Galerie;https://www.tanzschule-bothe.de/tag/tanzkurs-erwachsene/;Beschreibung;Automat;"Schlagwort: &lt;span&gt;Tanzkurs Erwachsene&lt;/span&gt;";Neue Paartanzkurse ab Juni 2026 Unser vielfältiges Tanzprogramm für Paare bietet für jeden das passende Angebot: vom Standard- und Latein-Bereich über …
5;Archiv oder Galerie;https://www.tanzschule-bothe.de/tag/tanzkurs-erwachsene/;Titel;Automat;Tanzkurs Erwachsene | Tanzschule Familie Bothe;Tanzkurs Erwachsene | Tanzschule Familie Bothe in Hannover |
5;Archiv oder Galerie;https://www.tanzschule-bothe.de/tag/tanzschule-susanne-bothe/;Beschreibung;Automat;"Schlagwort: &lt;span&gt;Tanzschule Susanne Bothe&lt;/span&gt;";Das Hannoversche Tanz-Highlight des Jahres im HCC Wir sind glücklich, mit Ihnen am 06. Dezember 2025 den WINTER-GALABALL im Kuppelsaal des HCC zu feiern.
5;Archiv oder Galerie;https://www.tanzschule-bothe.de/tag/tanzschule-susanne-bothe/;Titel;Automat;Tanzschule Susanne Bothe | Tanzschule Familie Bothe;Tanzschule Susanne Bothe | Tanzschule Familie Bothe in Hanno
5;Archiv oder Galerie;https://www.tanzschule-bothe.de/tag/tanzschuleferien/;Beschreibung;Automat;"Schlagwort: &lt;span&gt;Tanzschuleferien&lt;/span&gt;";Tanzfreie Tage im April/Mai 2024 an folgenden Tagen im April/Mai 2024 finden in all unseren Tanzhäusern keine Kurse statt: Wir wünschen euch schöne und …
5;Archiv oder Galerie;https://www.tanzschule-bothe.de/tag/tanzschuleferien/;Titel;Automat;Tanzschuleferien | Tanzschule Familie Bothe;Tanzschuleferien | Tanzschule Familie Bothe in Hannover | Ta
5;Archiv oder Galerie;https://www.tanzschule-bothe.de/tag/theprospect/;Beschreibung;Automat;"Schlagwort: &lt;span&gt;TheProspect&lt;/span&gt;";Erfolgreiches Hip Hop Wochenende Am Wochenende fanden in Braunschweig die FINALS der International Dance Competition statt.
5;Archiv oder Galerie;https://www.tanzschule-bothe.de/tag/theprospect/;Titel;Automat;TheProspect | Tanzschule Familie Bothe;TheProspect | Tanzschule Familie Bothe in Hannover | Tanzsch
5;Archiv oder Galerie;https://www.tanzschule-bothe.de/tag/turnier/;Beschreibung;Automat;"Schlagwort: &lt;span&gt;Turnier&lt;/span&gt;";Erfolgreicher Turniertag in Osnabrück waren unsere beiden Lateinformationen beim letzten Turnier der Saison in Osnabrück.
5;Archiv oder Galerie;https://www.tanzschule-bothe.de/tag/turnier/;Titel;Automat;Turnier | Tanzschule Familie Bothe;Turnier | Tanzschule Familie Bothe in Hannover | Tanzschule 
5;Archiv oder Galerie;https://www.tanzschule-bothe.de/tag/valentin-lusin/;Beschreibung;Automat;"Schlagwort: &lt;span&gt;Valentin Lusin&lt;/span&gt;";GALA NIGHT HANNOVER – es war (uns) ein Fest Bei der GALA NIGHT HANNOVER 2022 am Samstag 17.
5;Archiv oder Galerie;https://www.tanzschule-bothe.de/tag/valentin-lusin/;Titel;Automat;Valentin Lusin | Tanzschule Familie Bothe;Valentin Lusin | Tanzschule Familie Bothe in Hannover | Tanz
5;Archiv oder Galerie;https://www.tanzschule-bothe.de/tag/verbothen/;Beschreibung;Automat;"Schlagwort: &lt;span&gt;Verbothen&lt;/span&gt;";Erfolgreicher Turniertag in Osnabrück waren unsere beiden Lateinformationen beim letzten Turnier der Saison in Osnabrück.
5;Archiv oder Galerie;https://www.tanzschule-bothe.de/tag/verbothen/;Titel;Automat;Verbothen | Tanzschule Familie Bothe;Verbothen | Tanzschule Familie Bothe in Hannover | Tanzschul
5;Archiv oder Galerie;https://www.tanzschule-bothe.de/tag/virtueller-rundgang/;Beschreibung;Automat;"Schlagwort: &lt;span&gt;virtueller Rundgang&lt;/span&gt;";360° Tour durch das TANZHAUS HANNOVER Ein neuer Einblick ins TANZHAUS HANNOVER: hier geht es zum virtuellen Rundgang durch die Loungebereiche und den …
5;Archiv oder Galerie;https://www.tanzschule-bothe.de/tag/virtueller-rundgang/;Titel;Automat;virtueller Rundgang | Tanzschule Familie Bothe;virtueller Rundgang | Tanzschule Familie Bothe in Hannover |
5;Archiv oder Galerie;https://www.tanzschule-bothe.de/tag/wd1/;Beschreibung;Automat;"Schlagwort: &lt;span&gt;WD1&lt;/span&gt;";Werde GASTHERR für unsere Schülertanzkurse Du willst noch mehr tanzen?
5;Archiv oder Galerie;https://www.tanzschule-bothe.de/tag/wd1/;Titel;Automat;WD1 | Tanzschule Familie Bothe;WD1 | Tanzschule Familie Bothe in Hannover | Tanzschule Both
5;Archiv oder Galerie;https://www.tanzschule-bothe.de/tag/wd2/;Beschreibung;Automat;"Schlagwort: &lt;span&gt;WD2&lt;/span&gt;";Werde GASTHERR für unsere Schülertanzkurse Du willst noch mehr tanzen?
5;Archiv oder Galerie;https://www.tanzschule-bothe.de/tag/wd2/;Titel;Automat;WD2 | Tanzschule Familie Bothe;WD2 | Tanzschule Familie Bothe in Hannover | Tanzschule Both
5;Archiv oder Galerie;https://www.tanzschule-bothe.de/tag/weltmeister/;Beschreibung;Automat;"Schlagwort: &lt;span&gt;Weltmeister&lt;/span&gt;";GALA NIGHT HANNOVER – es war (uns) ein Fest Bei der GALA NIGHT HANNOVER 2022 am Samstag 17.
5;Archiv oder Galerie;https://www.tanzschule-bothe.de/tag/weltmeister/;Titel;Automat;Weltmeister | Tanzschule Familie Bothe;Weltmeister | Tanzschule Familie Bothe in Hannover | Tanzsch
5;Archiv oder Galerie;https://www.tanzschule-bothe.de/tag/white-meets-neon/;Beschreibung;Automat;"Schlagwort: &lt;span&gt;White meets Neon&lt;/span&gt;";WHITE MEETS NEON | Schüler-Disco September erwartet euch eine Schüler-Party voller Beats, Schwarzlicht und leuchtender Outfits.
5;Archiv oder Galerie;https://www.tanzschule-bothe.de/tag/white-meets-neon/;Titel;Automat;White meets Neon | Tanzschule Familie Bothe;White meets Neon | Tanzschule Familie Bothe in Hannover | Ta
5;Archiv oder Galerie;https://www.tanzschule-bothe.de/tag/whocares/;Beschreibung;Automat;"Schlagwort: &lt;span&gt;WhoCares&lt;/span&gt;";Erfolgreiches Hip Hop Wochenende Am Wochenende fanden in Braunschweig in der Volkswagen Halle die FINALS der International Dance Competition statt.
5;Archiv oder Galerie;https://www.tanzschule-bothe.de/tag/whocares/;Titel;Automat;WhoCares | Tanzschule Familie Bothe;WhoCares | Tanzschule Familie Bothe in Hannover | Tanzschule
5;Archiv oder Galerie;https://www.tanzschule-bothe.de/tag/wiesn/;Beschreibung;Automat;"Schlagwort: &lt;span&gt;wiesn&lt;/span&gt;";FRIDAY NIGHT PARTY – WIESN-EDITION Holt eure Dirndl & Lederhosen raus – wir feiern die Friday Night Party am 26.
5;Archiv oder Galerie;https://www.tanzschule-bothe.de/tag/wiesn/;Titel;Automat;wiesn | Tanzschule Familie Bothe;wiesn | Tanzschule Familie Bothe in Hannover | Tanzschule Bo
5;Archiv oder Galerie;https://www.tanzschule-bothe.de/tag/winter-galaball/;Beschreibung;Automat;"Schlagwort: &lt;span&gt;Winter-Galaball&lt;/span&gt;";Das Hannoversche Tanz-Highlight des Jahres im HCC Wir sind glücklich, mit Ihnen am 06. Dezember 2025 den WINTER-GALABALL im Kuppelsaal des HCC zu feiern.
5;Archiv oder Galerie;https://www.tanzschule-bothe.de/tag/winter-galaball/;Titel;Automat;Winter-Galaball | Tanzschule Familie Bothe;Winter-Galaball | Tanzschule Familie Bothe in Hannover | Tan
5;Archiv oder Galerie;https://www.tanzschule-bothe.de/tag/winterball/;Beschreibung;Automat;"Schlagwort: &lt;span&gt;Winterball&lt;/span&gt;";Das Hannoversche Tanz-Highlight des Jahres im HCC Das Highlight des Winter-Galaballs 2024 waren die Let‘s Dance-Stars Patricija und Alexandru Ionel, die …
5;Archiv oder Galerie;https://www.tanzschule-bothe.de/tag/winterball/;Titel;Automat;Winterball | Tanzschule Familie Bothe;Winterball | Tanzschule Familie Bothe in Hannover | Tanzschu
5;Archiv oder Galerie;https://www.tanzschule-bothe.de/tag/wintergalaball/;Beschreibung;Automat;"Schlagwort: &lt;span&gt;Wintergalaball&lt;/span&gt;";Winter Galaball 2023 – Es war (uns) ein Fest Beim WINTER GALABALL 2023 am Samstag 09.
5;Archiv oder Galerie;https://www.tanzschule-bothe.de/tag/wintergalaball/;Titel;Automat;Wintergalaball | Tanzschule Familie Bothe;Wintergalaball | Tanzschule Familie Bothe in Hannover | Tanz
5;Archiv oder Galerie;https://www.tanzschule-bothe.de/tag/workshops/;Beschreibung;Automat;"Schlagwort: &lt;span&gt;workshops&lt;/span&gt;";SUMMER DANCE FESTIVAL – 17. Es ist uns eine Ehre, 70 Jahre Tanz, Gemeinschaft und Tradition zu feiern. Highlight wird das SUMMER DANCE FESTIVAL am 17./18.
5;Archiv oder Galerie;https://www.tanzschule-bothe.de/tag/workshops/;Titel;Automat;workshops | Tanzschule Familie Bothe;workshops | Tanzschule Familie Bothe in Hannover | Tanzschul
5;Archiv oder Galerie;https://www.tanzschule-bothe.de/author/derfelix/;Beschreibung;Automat;"Autor: &lt;span&gt;Felix Liesen&lt;/span&gt;";Die angefragte Seite konnte nicht gefunden werden. Kostenlose Glückswoche 2026 Erfolgreiches HipHop-Wochenende
5;Archiv oder Galerie;https://www.tanzschule-bothe.de/author/derfelix/;Titel;Automat;Felix Liesen | Tanzschule Familie Bothe;Keine Ergebnisse gefunden in Hannover | Tanzschule Bothe
5;Archiv oder Galerie;https://www.tanzschule-bothe.de/author/dielara/;Beschreibung;Automat;"Autor: &lt;span&gt;Lara Bothe&lt;/span&gt;";Die angefragte Seite konnte nicht gefunden werden. Kostenlose Glückswoche 2026 Erfolgreiches HipHop-Wochenende
5;Archiv oder Galerie;https://www.tanzschule-bothe.de/author/dielara/;Titel;Automat;Lara Bothe | Tanzschule Familie Bothe;Keine Ergebnisse gefunden in Hannover | Tanzschule Bothe
5;Archiv oder Galerie;https://www.tanzschule-bothe.de/category/slider/;aus dem Index nehmen;Automat;Slider | Tanzschule Familie Bothe;"Status 410 oder <meta name=""robots"" content=""noindex"">"
5;Archiv oder Galerie;https://www.tanzschule-bothe.de/tag/ball/;Beschreibung;Automat;"Schlagwort: &lt;span&gt;Ball&lt;/span&gt;";Winter Galaball 2023 – Es war (uns) ein Fest Beim WINTER GALABALL 2023 am Samstag 09.
5;Archiv oder Galerie;https://www.tanzschule-bothe.de/tag/ball/;Titel;Automat;Ball | Tanzschule Familie Bothe;Winter-Galaball 2023 in Hannover | Tanzschule Bothe
5;Archiv oder Galerie;https://www.tanzschule-bothe.de/tag/debuetanten/;Beschreibung;Automat;"Schlagwort: &lt;span&gt;Debütanten&lt;/span&gt;";Das Hannoversche Tanz-Highlight des Jahres im HCC Wir freuen uns sehr, Sie zu unserem Winter-Galaball im Jahr 2023 begrüßen zu dürfen – ein gemeinsames …
5;Archiv oder Galerie;https://www.tanzschule-bothe.de/tag/debuetanten/;Titel;Automat;Debütanten | Tanzschule Familie Bothe;Winter-Galaball 2023 in Hannover | Tanzschule Bothe
5;Archiv oder Galerie;https://www.tanzschule-bothe.de/tag/galanight/;Beschreibung;Automat;"Schlagwort: &lt;span&gt;galanight&lt;/span&gt;";Das Hannoversche Tanz-Highlight des Jahres im HCC Das Highlight des Winter-Galaballs 2024 waren die Let‘s Dance-Stars Patricija und Alexandru Ionel, die …
5;Archiv oder Galerie;https://www.tanzschule-bothe.de/tag/galanight/;Titel;Automat;galanight | Tanzschule Familie Bothe;Winter-Galaball 2023 in Hannover | Tanzschule Bothe
5;Archiv oder Galerie;https://www.tanzschule-bothe.de/tag/kuppelsaal-hcc/;Beschreibung;Automat;"Schlagwort: &lt;span&gt;Kuppelsaal HCC&lt;/span&gt;";Das Hannoversche Tanz-Highlight des Jahres im HCC Wir sind glücklich, mit Ihnen am 06. Dezember 2025 den WINTER-GALABALL im Kuppelsaal des HCC zu feiern.
5;Archiv oder Galerie;https://www.tanzschule-bothe.de/tag/kuppelsaal-hcc/;Titel;Automat;Kuppelsaal HCC | Tanzschule Familie Bothe;Winter-Galaball 2023 in Hannover | Tanzschule Bothe
5;Archiv oder Galerie;https://www.tanzschule-bothe.de/tag/kuppelsaal/;Beschreibung;Automat;"Schlagwort: &lt;span&gt;Kuppelsaal&lt;/span&gt;";Das Hannoversche Tanz-Highlight des Jahres im HCC Das Highlight des Winter-Galaballs 2024 waren die Let‘s Dance-Stars Patricija und Alexandru Ionel, die …
5;Archiv oder Galerie;https://www.tanzschule-bothe.de/tag/kuppelsaal/;Titel;Automat;Kuppelsaal | Tanzschule Familie Bothe;Winter-Galaball 2023 in Hannover | Tanzschule Bothe
5;Archiv oder Galerie;https://www.tanzschule-bothe.de/tag/lets-dance/;Beschreibung;Automat;"Schlagwort: &lt;span&gt;lets dance&lt;/span&gt;";Das Hannoversche Tanz-Highlight des Jahres im HCC Wir freuen uns sehr, Sie zu unserem Winter-Galaball im Jahr 2023 begrüßen zu dürfen – ein gemeinsames …
5;Archiv oder Galerie;https://www.tanzschule-bothe.de/tag/lets-dance/;Titel;Automat;lets dance | Tanzschule Familie Bothe;Winter-Galaball 2023 in Hannover | Tanzschule Bothe
5;Archiv oder Galerie;https://www.tanzschule-bothe.de/tag/tanzen/;Beschreibung;Automat;"Schlagwort: &lt;span&gt;Tanzen&lt;/span&gt;";Kostenlose Glückswoche 2026 Von Sonntag, 30.08., bis Freitag, 04.09.2026, bieten wir wieder eine kostenlose Woche der offenen Tür in folgenden Bereichen …
5;Archiv oder Galerie;https://www.tanzschule-bothe.de/tag/tanzen/;Titel;Automat;Tanzen | Tanzschule Familie Bothe;Winter-Galaball 2023 in Hannover | Tanzschule Bothe
5;Archiv oder Galerie;https://www.tanzschule-bothe.de/tag/tanzschule/;Beschreibung;Automat;"Schlagwort: &lt;span&gt;Tanzschule&lt;/span&gt;";Das Hannoversche Tanz-Highlight des Jahres im HCC Wir freuen uns sehr, Sie zu unserem Winter-Galaball im Jahr 2023 begrüßen zu dürfen – ein gemeinsames …
5;Archiv oder Galerie;https://www.tanzschule-bothe.de/tag/tanzschule/;Titel;Automat;Tanzschule | Tanzschule Familie Bothe;Winter-Galaball 2023 in Hannover | Tanzschule Bothe
5;Archiv oder Galerie;https://www.tanzschule-bothe.de/tag/tanzveranstaltung/;Beschreibung;Automat;"Schlagwort: &lt;span&gt;Tanzveranstaltung&lt;/span&gt;";Das Hannoversche Tanz-Highlight des Jahres im HCC Wir freuen uns sehr, Sie zu unserem Winter-Galaball im Jahr 2023 begrüßen zu dürfen – ein gemeinsames …
5;Archiv oder Galerie;https://www.tanzschule-bothe.de/tag/tanzveranstaltung/;Titel;Automat;Tanzveranstaltung | Tanzschule Familie Bothe;Winter-Galaball 2023 in Hannover | Tanzschule Bothe
5;Archiv oder Galerie;https://www.tanzschule-bothe.de/tag/burgwedel/;Beschreibung;Automat;"Schlagwort: &lt;span&gt;Burgwedel&lt;/span&gt;";Werde GASTHERR für unsere Schülertanzkurse Du willst noch mehr tanzen?
5;Archiv oder Galerie;https://www.tanzschule-bothe.de/tag/hannover-tanzt-am-see/;Beschreibung;Automat;"Schlagwort: &lt;span&gt;hannover tanzt am See&lt;/span&gt;";Maschseefest 2025 – und wir waren mit dabei! In diesem Jahr waren wir gemeinsam mit Tanzschule Susanne Bothe ein Teil des NP-Sommerfestivals auf dem …
5;Archiv oder Galerie;https://www.tanzschule-bothe.de/tag/hannover-tanzt/;Beschreibung;Automat;"Schlagwort: &lt;span&gt;Hannover tanzt&lt;/span&gt;";360° Tour durch das TANZHAUS HANNOVER Ein neuer Einblick ins TANZHAUS HANNOVER: hier geht es zum virtuellen Rundgang durch die Loungebereiche und den …
5;Archiv oder Galerie;https://www.tanzschule-bothe.de/tag/hannover/;Beschreibung;Automat;"Schlagwort: &lt;span&gt;Hannover&lt;/span&gt;";50,00 EUR Gutschrift auf Dein Kundenkonto – werbe Freunde, die noch nie bei uns angemeldet waren – Solotanz (Hip Hop, Dance&Fitness, Kindertanz, etc.): € …
5;Archiv oder Galerie;https://www.tanzschule-bothe.de/tag/hannovertanzt/;Beschreibung;Automat;"Schlagwort: &lt;span&gt;hannovertanzt&lt;/span&gt;";Winter Galaball 2023 – Es war (uns) ein Fest Beim WINTER GALABALL 2023 am Samstag 09.
5;Archiv oder Galerie;https://www.tanzschule-bothe.de/tag/hausparty/;Titel;Automat;Hausparty | Tanzschule Familie Bothe;Hausparty | Tanzschule Familie Bothe in Hannover | Tanzschul
5;Archiv oder Galerie;https://www.tanzschule-bothe.de/tag/hier-tanzt-hannover/;Beschreibung;Automat;"Schlagwort: &lt;span&gt;Hier tanzt Hannover&lt;/span&gt;";Hier zum digitalen durchblättern. In unseren Tanzhäusern liegen Exemplare zum Mitnehmen und Verteilen aus.
5;Archiv oder Galerie;https://www.tanzschule-bothe.de/tag/junioren-galaball/;Titel;Automat;Junioren Galaball | Tanzschule Familie Bothe;Junioren Galaball | Tanzschule Familie Bothe in Hannover | T
5;Archiv oder Galerie;https://www.tanzschule-bothe.de/tag/opernball-hannover/;Beschreibung;Automat;"Schlagwort: &lt;span&gt;Opernball Hannover&lt;/span&gt;";Opernball 2024 – „LET THE SUNSHINE IN“ Der Opernball Hannover findet seit über 25 Jahren unter einem jährlich wechselnden Motto in der Staatsoper Hannover …
5;Archiv oder Galerie;https://www.tanzschule-bothe.de/tag/paartanzkurs-hannover/;Beschreibung;Automat;"Schlagwort: &lt;span&gt;Paartanzkurs Hannover&lt;/span&gt;";Neue Paartanzkurse ab Juni 2026 Unser vielfältiges Tanzprogramm für Paare bietet für jeden das passende Angebot: vom Standard- und Latein-Bereich über …
5;Archiv oder Galerie;https://www.tanzschule-bothe.de/tag/party/;Titel;Automat;Party | Tanzschule Familie Bothe;Party | Tanzschule Familie Bothe in Hannover | Tanzschule Bo
5;Archiv oder Galerie;https://www.tanzschule-bothe.de/tag/staatsoper-hannover/;Beschreibung;Automat;"Schlagwort: &lt;span&gt;Staatsoper Hannover&lt;/span&gt;";Opernball 2024 – „LET THE SUNSHINE IN“ Der Opernball Hannover findet seit über 25 Jahren unter einem jährlich wechselnden Motto in der Staatsoper Hannover …
5;Archiv oder Galerie;https://www.tanzschule-bothe.de/tag/tanzen-burgwedel/;Beschreibung;Automat;"Schlagwort: &lt;span&gt;Tanzen Burgwedel&lt;/span&gt;";Neue Paartanzkurse ab Juni 2026 Unser vielfältiges Tanzprogramm für Paare bietet für jeden das passende Angebot: vom Standard- und Latein-Bereich über …
5;Archiv oder Galerie;https://www.tanzschule-bothe.de/tag/tanzen-hannover/;Beschreibung;Automat;"Schlagwort: &lt;span&gt;Tanzen Hannover&lt;/span&gt;";Neue Paartanzkurse ab Juni 2026 Unser vielfältiges Tanzprogramm für Paare bietet für jeden das passende Angebot: vom Standard- und Latein-Bereich über …
5;Archiv oder Galerie;https://www.tanzschule-bothe.de/tag/tanzhaus-bothe/;Titel;Automat;Tanzhaus Bothe | Tanzschule Familie Bothe;Tanzhaus Bothe | Tanzschule Familie Bothe in Hannover | Tanz
5;Archiv oder Galerie;https://www.tanzschule-bothe.de/tag/tanzhaus-hannover/;Beschreibung;Automat;"Schlagwort: &lt;span&gt;Tanzhaus Hannover&lt;/span&gt;";FRIDAY NIGHT PARTY – WIESN-EDITION Holt eure Dirndl & Lederhosen raus – wir feiern die Friday Night Party am 26.
5;Archiv oder Galerie;https://www.tanzschule-bothe.de/tag/tanzparty/;Titel;Automat;Tanzparty | Tanzschule Familie Bothe;Tanzparty | Tanzschule Familie Bothe in Hannover | Tanzschul
5;Archiv oder Galerie;https://www.tanzschule-bothe.de/tag/white-night-birthday-party-tanzparty-erwachsene/;Titel;Automat;White Night Birthday Party. Tanzparty Erwachsene | Tanzschule Familie Bothe;White Night Birthday Party. Tanzparty Erwachsene | Tanzschul
5;Archiv oder Galerie;https://www.tanzschule-bothe.de/tag/gala-night-hannover/;Beschreibung;Automat;"Schlagwort: &lt;span&gt;GALA NIGHT HANNOVER&lt;/span&gt;";Das Hannoversche Tanz-Highlight des Jahres im HCC Wir freuen uns sehr, Sie zu unserem Winter-Galaball im Jahr 2023 begrüßen zu dürfen – ein gemeinsames …
5;Archiv oder Galerie;https://www.tanzschule-bothe.de/tag/galanight-hannover/;Beschreibung;Automat;"Schlagwort: &lt;span&gt;Galanight Hannover&lt;/span&gt;";Das Hannoversche Tanz-Highlight des Jahres im HCC Wir freuen uns sehr, Sie zu unserem Winter-Galaball im Jahr 2023 begrüßen zu dürfen – ein gemeinsames …
5;Archiv oder Galerie;https://www.tanzschule-bothe.de/tag/hannover-feiert/;Beschreibung;Automat;"Schlagwort: &lt;span&gt;Hannover feiert&lt;/span&gt;";Das Hannoversche Tanz-Highlight des Jahres im HCC Wir freuen uns sehr, Sie zu unserem Winter-Galaball im Jahr 2023 begrüßen zu dürfen – ein gemeinsames …
